Workbook
Name SegmentaciónDeDatos_Docente: #N/A

Sheet Sobre la Encuesta
B12: ¿Quiénes respondieron la encuesta? | D12: ¿Qué encontrará en este archivo?
B13: Todos/as los/as estudiantes que se inscribieron en alguna materia durante el cuatrimestre anterior (aunque no la hayan cursado finalmente). | D13: ▪️Una síntesis de resultados ▪️La base de datos con las respuestas de los/as estudiantes
B14: ¿Cuándo la respondieron? | D14: ¿Cómo se elabora la síntesis de resultados?
B15: Al inscribirse a las materias del cuatrimestre en curso. El sistema SIU Guaraní solicitó completar la encuesta como condición para finalizar la inscripción. | D15: Con las respuestas brindadas por los/as estudiantes se realizan tres cálculos: ▪️Valoración por pregunta: es el promedio de todas las respuestas que recibió cada pregunta. ▪️Valoración por dimensión: es el promedio de todas las respuestas que obtuvieron las preguntas de cada dimensión. ▪️Valoración global: es el promedio de las 6 dimensiones evaluadas.
B16: ¿Qué aspectos evalúa? | D16: ¿Qué encontrará en la hoja "síntesis de resultados"?
B17: La encuesta aborda seis dimensiones relacionadas con el/la docente principal de la comisión*: 1- La planificación y la organización de la materia. 2- Los contenidos. 3- Las clases y las actividades. 4- La evaluación. 5- El ambiente de aprendizaje y el vínculo interpersonal. 6- Balance general. Además, a quienes abandonaron la materia se les consulta el motivo de abandono. *Cada estudiante indica, en una pregunta abierta, sobre qué docente responde la encuesta. Por lo tanto, dentro de una misma comisión, esta información puede variar según la percepción de cada estudiante. Cada pregunta de las dimensiones admite una respuesta de 1 a 5 según el grado de acuerdo: 1- Nada de acuerdo 2- Poco de acuerdo 3- Medianamente de acuerdo 4- De acuerdo 5- Muy de acuerdo | D17: Información que permitirá identificar fortalezas y aspectos que pueden mejorarse ▪️La valoración global de la comisión. ▪️La valoración promedio de cada dimensión. ▪️El detalle de la valoración por cada pregunta. Para facilitar la lectura se utiliza un sistema de colores: GRIS: 1 a 3,4 GRIS OSCURO: 3,5 a 3,9 CELESTE: 4 a 4,4 AZUL: 4,5 a 5

Sheet Síntesis de Resultados
B20: DOCENTES (SIU Guaraní): | C20: ROSATI GERMAN FEDERICO (6114)
B21: MATERIA: | C21: (MA-GN00209) - Laboratorio de Datos: webscraping y procesamiento de lenguaje natural
B22: COMISIÓN: | C22: (82009) - Laboratorio de Datos tn Rosati
B23: CANTIDAD DE INSCRIPTOS/AS: | C23: 11 | J23: VALORACIÓN GLOBAL | K23: =IFERROR(AVERAGE(E27,E35,H27,H35,K27,K35),"-") -> -
B24: ENCUESTAS RESPONDIDAS: | C24: 9
B25: TASA DE RESPUESTA: | C25: 82%
B27: DOCENTE (sobre el/la que responde el estudiante)*: | D27: LA PLANIFICACIÓN Y LA ORGANIZACIÓN DE LA MATERIA | E27: =IFERROR(AVERAGE(E29:E32),"-") -> - | G27: LOS CONTENIDOS DE LA MATERIA | H27: =IFERROR(AVERAGE(H29:H31),"-") -> - | J27: LAS CLASES Y LAS ACTIVIDADES | K27: =IFERROR(AVERAGE(K29:K32),"-") -> -
D29: Al inicio de la cursada el/la docente presentó y explicó claramente el programa de la materia. (detalló objetivos, contenidos, cronograma, formas de trabajo y evaluación). | E29: =IFERROR(AVERAGE(_DinamicaProm!B6:B400),"-") -> - | G29: El/la docente relacionó conceptos con otros aprendidos con anterioridad en la misma materia o en otras materias. | H29: =IFERROR(AVERAGE(_DinamicaProm!F6:F400),"-") -> - | J29: El/la docente desarrolló los temas con claridad. | K29: =IFERROR(AVERAGE(_DinamicaProm!I6:I400),"-") -> -
D30: Hubo coherencia entre lo programado y el desarrollo de la materia | E30: =IFERROR(AVERAGE(_DinamicaProm!C6:C400),"-") -> - | G30: El/la docente usó ejemplos y casos relacionados con la realidad y/o el mundo laboral. | H30: =IFERROR(AVERAGE(_DinamicaProm!G6:G400),"-") -> - | J30: El/la docente fomentó la participación en clase | K30: =IFERROR(AVERAGE(_DinamicaProm!J6:J400),"-") -> -
D31: Todos los contenidos tuvieron el tiempo suficiente para lograr los aprendizajes esperados | E31: =IFERROR(AVERAGE(_DinamicaProm!D6:D400),"-") -> - | G31: Los recursos y/o bibliografía propuestos me sirvieron para comprender las temáticas de la asignatura. | H31: =IFERROR(AVERAGE(_DinamicaProm!H6:H400),"-") -> - | J31: Las tecnologías digitales que usó el docente me facilitaron el aprendizaje. (Ejemplo: videos, recursos web, programas, presentaciones, etc.). | K31: =IFERROR(AVERAGE(_DinamicaProm!K6:K400),"-") -> -
D32: El/la docente utilizó el Campus Virtual como herramienta de apoyo de la asignatura | E32: =IFERROR(AVERAGE(_DinamicaProm!E6:E400),"-") -> - | J32: Las actividades propuestas en la clase contribuyeron al aprendizaje (trabajos prácticos individuales o grupales, visitas, etc.) | K32: =IFERROR(AVERAGE(_DinamicaProm!L6:L400),"-") -> -
B34: *Cada estudiante indica en la encuesta el nombre del docente sobre el que responde. Por ende, dentro de una misma comisión pueden aparecer respuestas sobre más de un docente, y su nombre puede estar escrito de diversas formas. Seleccione todas las veces que figure en la lista el nombre del docente sobre el cual quiere ver los resultados.
D35: LA EVALUACIÓN | E35: =IFERROR(AVERAGE(E37:E41),"-") -> - | G35: EL AMBIENTE DE APRENDIZAJE Y EL VÍNCULO INTERPERSONAL | H35: =IFERROR(AVERAGE(H37:H40),"-") -> - | J35: BALANCE | K35: =IFERROR(AVERAGE(K37:K38),"-") -> -
D37: El/la docente comunicó claramente los criterios de evaluación antes de cada evaluación. | E37: =IFERROR(AVERAGE(_DinamicaProm!M6:M400),"-") -> - | G37: El/la docente estableció un ambiente agradable/seguro/de confianza para el aprendizaje. | H37: =IFERROR(AVERAGE(_DinamicaProm!R6:R400),"-") -> - | J37: He aprendido y comprendido los contenidos de esta materia. | K37: =IFERROR(AVERAGE(_DinamicaProm!V6:V400),"-") -> -
D38: La evaluación se correspondió con lo enseñado. | E38: =IFERROR(AVERAGE(_DinamicaProm!N6:N400),"-") -> - | G38: El/la docente promovió un trato respetuoso entre todas las personas, independientemente de su origen social, género u orientación sexual o política. | H38: =IFERROR(AVERAGE(_DinamicaProm!S6:S400),"-") -> - | J38: La materia contribuyó a confirmar mi elección por la carrera. | K38: =IFERROR(AVERAGE(_DinamicaProm!W6:W400),"-") -> -
D39: Los instrumentos para evaluar fueron adecuados (multiple choice, examen oral, examen escrito, etc). | E39: =IFERROR(AVERAGE(_DinamicaProm!O6:O400),"-") -> - | G39: El/la docente acogió positivamente las preguntas e inquietudes de los/as estudiantes. | H39: =IFERROR(AVERAGE(_DinamicaProm!T6:T400),"-") -> -
D40: Después de las evaluaciones, el/la docente realizó una devolución de los resultados a los/as estudiantes para mejorar los aprendizajes. | E40: =IFERROR(AVERAGE(_DinamicaProm!P6:P400),"-") -> - | G40: El/la docente generó interés en la materia y ganas de aprender. | H40: =IFERROR(AVERAGE(_DinamicaProm!U6:U400),"-") -> -
D41: El/la docente realizó las devoluciones en un tiempo adecuado. | E41: =IFERROR(AVERAGE(_DinamicaProm!Q6:Q400),"-") -> -

Sheet Base Encuesta
A18: Fuente: SIU Kolla - Dirección General de Información y Transparencia Institucional - Secretaría General
L19: MOTIVOS DE ABANDONO | P19: DOCENTE SOBRE EL QUE SE RESPONDE | R19: LA PLANIFICACIÓN Y LA ORGANIZACIÓN DE LA MATERIA | W19: LOS CONTENIDOS DE LA MATERIA | Z19: LAS CLASES Y LAS ACTIVIDADES | AE19: LA EVALUACIÓN | AL19: EL AMBIENTE DE APRENDIZAJE Y EL VÍNCULO INTERPERSONAL | AQ19: BALANCE
A20: Año Académico | B20: Período Lectivo | C20: ID Encuesta | D20: Unidad Académica Nombre | E20: Materia Código | F20: Materia Nombre | G20: Comisión Código | H20: Comisión Nombre | I20: Docentes (SIU Guaraní) | J20: Carrera que estás cursando: | K20: Tu situación en relación a esta materia | L20: Marcá el motivo principal por el cual abandonaste o no iniciaste la cursada | M20: ¿Cuál problema? Seleccioná sólo una | N20: ¿Cuál? | O20: Indicá el momento en que interrumpiste la cursada: | P20: Apellido y nombre del/de la docente: | Q20: ¿Tus comentarios sobre el/la docente? | R20: 1.1 Al inicio de la cursada el/la docente presentó y explicó claramente el programa de la materia (detalló objetivos, contenidos, cronograma, formas de trabajo y evaluación). | S20: 1.2 Hubo coherencia entre lo programado y el desarrollo de la materia. | T20: 1.3 Todos los contenidos tuvieron el tiempo suficiente para lograr los aprendizajes esperados. | U20: 1.A ¿Cuál de los contenidos hubiera requerido más tiempo? | V20: 1.4 El/la docente utilizó el Campus Virtual como herramienta de apoyo de la asignatura. | W20: 2.1 El/la docente relacionó conceptos con otros aprendidos con anterioridad en la misma materia o en otras materias. | X20: 2.2 El/la docente usó ejemplos y casos relacionados con la realidad y/o el mundo laboral. | Y20: 2.3 Los recursos y/o bibliografía propuestos me sirvieron para comprender las temáticas de la asignatura. | Z20: 3.1 El/la docente desarrolló los temas con claridad. | AA20: 3.2 El/la docente fomentó la participación en clase | AB20: 3.3 Las tecnologías digitales que usó el docente me facilitaron el aprendizaje (Ejemplo: videos, recursos web, programas, presentaciones, etc.). | AC20: 3.4 Las actividades propuestas en la clase contribuyeron al aprendizaje (trabajos prácticos individuales o grupales, visitas, etc.) | AD20: 3.A ¿Qué actividad de las propuestas te aportó más en tu aprendizaje y recomendarías mantener? | AE20: 4 ¿Tuviste instancias de evaluación de los contenidos? | AF20: 4.1 El/la docente comunicó claramente los criterios de evaluación antes de cada evaluación. | AG20: 4.2 La evaluación se correspondió con lo enseñado. | AH20: 4.3 Los instrumentos para evaluar fueron adecuados (multiple choice, examen oral, examen escrito, etc). | AI20: 4.4 Después de las evaluaciones, el/la docente realizó una devolución de los resultados a los/as estudiantes para mejorar los aprendizajes. | AJ20: 4.5 El/la docente realizó las devoluciones en un tiempo adecuado. | AK20: 4.A ¿Querés agregar algún comentario sobre las evaluaciones? | AL20: 5.1 El/la docente estableció un ambiente agradable/seguro/de confianza para el aprendizaje. | AM20: 5.2 El/la docente promovió un trato respetuoso entre todas las personas, independientemente de su origen social, género u orientación sexual o política. | AN20: 5.3 El/la docente acogió positivamente las preguntas e inquietudes de los/as estudiantes. | AO20: 5.4 El/la docente generó interés en la materia y ganas de aprender. | AP20: 5.A ¿Querés agregar algún comentario sobre el ambiente para el aprendizaje y/o el vínculo interpersonal? | AQ20: 6.1 He aprendido y comprendido los contenidos de esta materia. | AR20: 6.2 La materia contribuyó a confirmar mi elección por la carrera. | AS20: 6.A ¿Qué es para vos lo más importante que aprendiste en esta materia? | AT20: 6.B En general, ¿qué aspectos POSITIVOS destacarías de esta materia? | AU20: 6.C Pensando en futuras ediciones de la materia, ¿qué aspectos considerás que se podrían mejorar? ¿Querés dejar alguna sugerencia para el o la docente? | AV20: ¿Tuviste otro/a docente en esta materia? | AW20: Apellido y nombre del/de el/la otro/a docente: | AX20: Tus comentarios sobre el/la otro/a docente:
A21: 2025 | B21: 2do cuatrimestre | C21: 31008 | D21: Escuela Interdisciplinaria de Altos Estudios Sociales | E21: MA-GN00209 | F21: Laboratorio de Datos: webscraping y procesamiento de lenguaje natural | G21: 82009 | H21: Laboratorio de Datos tn Rosati | I21: ROSATI GERMAN FEDERICO (6114) | J21: Licenciatura en Sociología | K21: 1-Finalicé la cursada (hayas aprobado o no) | L21: No corresponde | M21: No corresponde | N21: No corresponde | O21: No corresponde | P21: Rosati Germán | Q21: Sin respuesta | R21: 5-Muy de acuerdo | S21: 5-Muy de acuerdo | T21: 5-Muy de acuerdo | U21: Sin respuesta | V21: 1-Nada de acuerdo | W21: 5-Muy de acuerdo | X21: 5-Muy de acuerdo | Y21: 5-Muy de acuerdo | Z21: 5-Muy de acuerdo | AA21: 5-Muy de acuerdo | AB21: 5-Muy de acuerdo | AC21: 5-Muy de acuerdo | AD21: Sin respuesta | AE21: 1-Sí | AF21: 5-Muy de acuerdo | AG21: 5-Muy de acuerdo | AH21: 5-Muy de acuerdo | AI21: 5-Muy de acuerdo | AJ21: 5-Muy de acuerdo | AK21: Sin respuesta | AL21: 5-Muy de acuerdo | AM21: 5-Muy de acuerdo | AN21: 5-Muy de acuerdo | AO21: 5-Muy de acuerdo | AP21: Sin respuesta | AQ21: 5-Muy de acuerdo | AR21: 5-Muy de acuerdo | AS21: Sin respuesta | AT21: Sin respuesta | AU21: Sin respuesta | AV21: 2-No | AW21: No corresponde | AX21: No corresponde
A22: 2025 | B22: 2do cuatrimestre | C22: 31009 | D22: Escuela Interdisciplinaria de Altos Estudios Sociales | E22: MA-GN00209 | F22: Laboratorio de Datos: webscraping y procesamiento de lenguaje natural | G22: 82009 | H22: Laboratorio de Datos tn Rosati | I22: ROSATI GERMAN FEDERICO (6114) | J22: Licenciatura en Sociología | K22: 1-Finalicé la cursada (hayas aprobado o no) | L22: No corresponde | M22: No corresponde | N22: No corresponde | O22: No corresponde | P22: Rosati, Germán | Q22: Nos aguantó 2 años | R22: 5-Muy de acuerdo | S22: 5-Muy de acuerdo | T22: 5-Muy de acuerdo | U22: Sin respuesta | V22: 5-Muy de acuerdo | W22: 5-Muy de acuerdo | X22: 5-Muy de acuerdo | Y22: 5-Muy de acuerdo | Z22: 5-Muy de acuerdo | AA22: 5-Muy de acuerdo | AB22: 5-Muy de acuerdo | AC22: 5-Muy de acuerdo | AD22: Todas | AE22: 1-Sí | AF22: 5-Muy de acuerdo | AG22: 5-Muy de acuerdo | AH22: 5-Muy de acuerdo | AI22: 5-Muy de acuerdo | AJ22: 5-Muy de acuerdo | AK22: No | AL22: 5-Muy de acuerdo | AM22: 5-Muy de acuerdo | AN22: 5-Muy de acuerdo | AO22: 5-Muy de acuerdo | AP22: La verdad que fue todo muy bueno | AQ22: 5-Muy de acuerdo | AR22: 5-Muy de acuerdo | AS22: Siento que, en términos metodológicos, es una base que solidificó todo lo visto en las otras materias. | AT22: La posibilidad de pensar las ciencias sociales de otra manera, lo que también implica profundizar más en lo antes visto | AU22: Tener adscriptos todos los cuatris. Sé que es casi utópico, súper difícil de lograr, pero cuando Santi fue adscripto fue una ayuda muy sustantiva. | AV22: 2-No | AW22: No corresponde | AX22: No corresponde
A23: 2025 | B23: 2do cuatrimestre | C23: 31010 | D23: Escuela Interdisciplinaria de Altos Estudios Sociales | E23: MA-GN00209 | F23: Laboratorio de Datos: webscraping y procesamiento de lenguaje natural | G23: 82009 | H23: Laboratorio de Datos tn Rosati | I23: ROSATI GERMAN FEDERICO (6114) | J23: Licenciatura en Sociología | K23: 1-Finalicé la cursada (hayas aprobado o no) | L23: No corresponde | M23: No corresponde | N23: No corresponde | O23: No corresponde | P23: german rosati | Q23: muy buen docente | R23: 5-Muy de acuerdo | S23: 5-Muy de acuerdo | T23: 5-Muy de acuerdo | U23: Sin respuesta | V23: 1-Nada de acuerdo | W23: 5-Muy de acuerdo | X23: 5-Muy de acuerdo | Y23: 5-Muy de acuerdo | Z23: 5-Muy de acuerdo | AA23: 5-Muy de acuerdo | AB23: 5-Muy de acuerdo | AC23: 5-Muy de acuerdo | AD23: estan muy bien pensados los trabajos finales integradores y alguna actividad intermedia siempre ayuda | AE23: 1-Sí | AF23: 5-Muy de acuerdo | AG23: 5-Muy de acuerdo | AH23: 5-Muy de acuerdo | AI23: 5-Muy de acuerdo | AJ23: 5-Muy de acuerdo | AK23: muy de acuerdo | AL23: 5-Muy de acuerdo | AM23: 5-Muy de acuerdo | AN23: 5-Muy de acuerdo | AO23: 5-Muy de acuerdo | AP23: no | AQ23: 4 | AR23: 5-Muy de acuerdo | AS23: la verdad que todo el contenido me pareció importante | AT23: es la posibilidad de conocer caminos dentro de la sociologia | AU23: creo que nada | AV23: 2-No | AW23: No corresponde | AX23: No corresponde
A24: 2025 | B24: 2do cuatrimestre | C24: 31011 | D24: Escuela Interdisciplinaria de Altos Estudios Sociales | E24: MA-GN00209 | F24: Laboratorio de Datos: webscraping y procesamiento de lenguaje natural | G24: 82009 | H24: Laboratorio de Datos tn Rosati | I24: ROSATI GERMAN FEDERICO (6114) | J24: Licenciatura en Trabajo Social | K24: 4-La materia no se dictó | L24: No corresponde | M24: No corresponde | N24: No corresponde | O24: No corresponde | P24: No corresponde | Q24: No corresponde | R24: No corresponde | S24: No corresponde | T24: No corresponde | U24: No corresponde | V24: No corresponde | W24: No corresponde | X24: No corresponde | Y24: No corresponde | Z24: No corresponde | AA24: No corresponde | AB24: No corresponde | AC24: No corresponde | AD24: No corresponde | AE24: No corresponde | AF24: No corresponde | AG24: No corresponde | AH24: No corresponde | AI24: No corresponde | AJ24: No corresponde | AK24: No corresponde | AL24: No corresponde | AM24: No corresponde | AN24: No corresponde | AO24: No corresponde | AP24: No corresponde | AQ24: No corresponde | AR24: No corresponde | AS24: No corresponde | AT24: No corresponde | AU24: No corresponde | AV24: No corresponde | AW24: No corresponde | AX24: No corresponde
A25: 2025 | B25: 2do cuatrimestre | C25: 31012 | D25: Escuela Interdisciplinaria de Altos Estudios Sociales | E25: MA-GN00209 | F25: Laboratorio de Datos: webscraping y procesamiento de lenguaje natural | G25: 82009 | H25: Laboratorio de Datos tn Rosati | I25: ROSATI GERMAN FEDERICO (6114) | J25: Licenciatura en Sociología | K25: 1-Finalicé la cursada (hayas aprobado o no) | L25: No corresponde | M25: No corresponde | N25: No corresponde | O25: No corresponde | P25: German Rosati | Q25: Excelente | R25: 5-Muy de acuerdo | S25: 5-Muy de acuerdo | T25: 5-Muy de acuerdo | U25: Sin respuesta | V25: 5-Muy de acuerdo | W25: 5-Muy de acuerdo | X25: 5-Muy de acuerdo | Y25: 5-Muy de acuerdo | Z25: 5-Muy de acuerdo | AA25: 5-Muy de acuerdo | AB25: 5-Muy de acuerdo | AC25: 5-Muy de acuerdo | AD25: Sin respuesta | AE25: 1-Sí | AF25: 5-Muy de acuerdo | AG25: 5-Muy de acuerdo | AH25: 5-Muy de acuerdo | AI25: 5-Muy de acuerdo | AJ25: 5-Muy de acuerdo | AK25: Sin respuesta | AL25: 5-Muy de acuerdo | AM25: 5-Muy de acuerdo | AN25: 5-Muy de acuerdo | AO25: 5-Muy de acuerdo | AP25: Sin respuesta | AQ25: 5-Muy de acuerdo | AR25: 5-Muy de acuerdo | AS25: Sin respuesta | AT25: Sin respuesta | AU25: Sin respuesta | AV25: 2-No | AW25: No corresponde | AX25: No corresponde
A26: 2025 | B26: 2do cuatrimestre | C26: 31013 | D26: Escuela Interdisciplinaria de Altos Estudios Sociales | E26: MA-GN00209 | F26: Laboratorio de Datos: webscraping y procesamiento de lenguaje natural | G26: 82009 | H26: Laboratorio de Datos tn Rosati | I26: ROSATI GERMAN FEDERICO (6114) | J26: Licenciatura en Sociología | K26: 1-Finalicé la cursada (hayas aprobado o no) | L26: No corresponde | M26: No corresponde | N26: No corresponde | O26: No corresponde | P26: Germán Rosatti | Q26: Excelente docente siempre puntual, cumplió con todos los puntos del programa, siempre dispuesto a explicar la cantidad de veces necesarias para que podamos entender. | R26: 5-Muy de acuerdo | S26: 5-Muy de acuerdo | T26: 5-Muy de acuerdo | U26: Sin respuesta | V26: 1-Nada de acuerdo | W26: 5-Muy de acuerdo | X26: 5-Muy de acuerdo | Y26: 5-Muy de acuerdo | Z26: 5-Muy de acuerdo | AA26: 5-Muy de acuerdo | AB26: 5-Muy de acuerdo | AC26: 5-Muy de acuerdo | AD26: el trabajo en grupo, y sostener el mismo grupo a lo largo de todo los modulos | AE26: 1-Sí | AF26: 5-Muy de acuerdo | AG26: 5-Muy de acuerdo | AH26: 5-Muy de acuerdo | AI26: 5-Muy de acuerdo | AJ26: 5-Muy de acuerdo | AK26: Sin respuesta | AL26: 5-Muy de acuerdo | AM26: 5-Muy de acuerdo | AN26: 5-Muy de acuerdo | AO26: 5-Muy de acuerdo | AP26: Sin respuesta | AQ26: 4 | AR26: 5-Muy de acuerdo | AS26: nos brinda herramientas super actualizadas para intentar entender el funcionamiento de la inteligencia artificial, y el procesamiento de datos . | AT26: está muy enfocada al procesamiento de datos y las metodologías cuantitativas, algo que se ve muy poco en la carrera. Se vuelve fundamental para quienes quieran profundizar en ese campo | AU26: Sin respuesta | AV26: 2-No | AW26: No corresponde | AX26: No corresponde
A27: 2025 | B27: 2do cuatrimestre | C27: 31014 | D27: Escuela Interdisciplinaria de Altos Estudios Sociales | E27: MA-GN00209 | F27: Laboratorio de Datos: webscraping y procesamiento de lenguaje natural | G27: 82009 | H27: Laboratorio de Datos tn Rosati | I27: ROSATI GERMAN FEDERICO (6114) | J27: Licenciatura en Sociología | K27: 1-Finalicé la cursada (hayas aprobado o no) | L27: No corresponde | M27: No corresponde | N27: No corresponde | O27: No corresponde | P27: German Rosati | Q27: de 10 | R27: 5-Muy de acuerdo | S27: 5-Muy de acuerdo | T27: 5-Muy de acuerdo | U27: Sin respuesta | V27: 1-Nada de acuerdo | W27: 5-Muy de acuerdo | X27: 5-Muy de acuerdo | Y27: 5-Muy de acuerdo | Z27: 5-Muy de acuerdo | AA27: 5-Muy de acuerdo | AB27: 5-Muy de acuerdo | AC27: 5-Muy de acuerdo | AD27: Sin respuesta | AE27: 1-Sí | AF27: 5-Muy de acuerdo | AG27: 5-Muy de acuerdo | AH27: 5-Muy de acuerdo | AI27: 5-Muy de acuerdo | AJ27: 5-Muy de acuerdo | AK27: Sin respuesta | AL27: 5-Muy de acuerdo | AM27: 5-Muy de acuerdo | AN27: 5-Muy de acuerdo | AO27: 5-Muy de acuerdo | AP27: Sin respuesta | AQ27: 5-Muy de acuerdo | AR27: 5-Muy de acuerdo | AS27: Sin respuesta | AT27: Sin respuesta | AU27: Sin respuesta | AV27: 2-No | AW27: No corresponde | AX27: No corresponde
A28: 2025 | B28: 2do cuatrimestre | C28: 31015 | D28: Escuela Interdisciplinaria de Altos Estudios Sociales | E28: MA-GN00209 | F28: Laboratorio de Datos: webscraping y procesamiento de lenguaje natural | G28: 82009 | H28: Laboratorio de Datos tn Rosati | I28: ROSATI GERMAN FEDERICO (6114) | J28: Licenciatura en Sociología | K28: 1-Finalicé la cursada (hayas aprobado o no) | L28: No corresponde | M28: No corresponde | N28: No corresponde | O28: No corresponde | P28: German Rosati | Q28: Muy buen docente. Muy comprometido con la educación | R28: 5-Muy de acuerdo | S28: 5-Muy de acuerdo | T28: 5-Muy de acuerdo | U28: Sin respuesta | V28: 5-Muy de acuerdo | W28: 5-Muy de acuerdo | X28: 5-Muy de acuerdo | Y28: 5-Muy de acuerdo | Z28: 5-Muy de acuerdo | AA28: 5-Muy de acuerdo | AB28: 5-Muy de acuerdo | AC28: 5-Muy de acuerdo | AD28: Todas | AE28: 1-Sí | AF28: 5-Muy de acuerdo | AG28: 5-Muy de acuerdo | AH28: 5-Muy de acuerdo | AI28: 5-Muy de acuerdo | AJ28: 5-Muy de acuerdo | AK28: Todo muy bien | AL28: 5-Muy de acuerdo | AM28: 5-Muy de acuerdo | AN28: 5-Muy de acuerdo | AO28: 5-Muy de acuerdo | AP28: Todo muy bien | AQ28: 5-Muy de acuerdo | AR28: 5-Muy de acuerdo | AS28: Sin respuesta | AT28: Sin respuesta | AU28: Sin respuesta | AV28: 2-No | AW28: No corresponde | AX28: No corresponde
A29: 2025 | B29: 2do cuatrimestre | C29: 31016 | D29: Escuela Interdisciplinaria de Altos Estudios Sociales | E29: MA-GN00209 | F29: Laboratorio de Datos: webscraping y procesamiento de lenguaje natural | G29: 82009 | H29: Laboratorio de Datos tn Rosati | I29: ROSATI GERMAN FEDERICO (6114) | J29: Licenciatura en Antropología Social y Cultural | K29: 1-Finalicé la cursada (hayas aprobado o no) | L29: No corresponde | M29: No corresponde | N29: No corresponde | O29: No corresponde | P29: Germán Rosati | Q29: Excelente | R29: 5-Muy de acuerdo | S29: 5-Muy de acuerdo | T29: 5-Muy de acuerdo | U29: Sin respuesta | V29: 1-Nada de acuerdo | W29: 5-Muy de acuerdo | X29: 5-Muy de acuerdo | Y29: 5-Muy de acuerdo | Z29: 5-Muy de acuerdo | AA29: 5-Muy de acuerdo | AB29: 5-Muy de acuerdo | AC29: 5-Muy de acuerdo | AD29: las presentaciones de avances por equipo | AE29: 1-Sí | AF29: 5-Muy de acuerdo | AG29: 5-Muy de acuerdo | AH29: 5-Muy de acuerdo | AI29: 5-Muy de acuerdo | AJ29: 5-Muy de acuerdo | AK29: No | AL29: 5-Muy de acuerdo | AM29: 5-Muy de acuerdo | AN29: 5-Muy de acuerdo | AO29: 5-Muy de acuerdo | AP29: No | AQ29: 5-Muy de acuerdo | AR29: 5-Muy de acuerdo | AS29: A analizar críticamente | AT29: Permite pensar las Ciencias Sociales desde perspectivas computacionales | AU29: Todo excelente sobre el docente. ***PARA LA INSTITUCIÓN: sería bueno que las computadoras del laboratorio y el proyector tuvieran mantenimiento sostenido porque es muy difícil el trabajo en el aula con computadoras que no funcionan, que se cuelgan, etc. No todxs lxs estudiantes tienen posibilidad de llevar su propia computadora al campus. Y además es una pena que teniendo un laboratorio tan lindo no pueda ser aprovechado. **** | AV29: 2-No | AW29: No corresponde | AX29: No corresponde

Sheet _BaseNum
A1: ID Encuesta | B1: Unidad Académica Nombre | C1: Materia Código | D1: Materia Nombre | E1: Comisión Código | F1: Comisión Nombre | G1: Docentes (SIU Guaraní) | H1: Carrera que estás cursando: | I1: Tu situación en relación a esta materia | J1: Docente | K1: ¿Tus comentarios sobre el/la docente? | L1: 1.1 Al inicio de la cursada el/la docente presentó y explicó claramente el programa de la materia (detalló objetivos, contenidos, cronograma, formas de trabajo y evaluación). | M1: 1.2 Hubo coherencia entre lo programado y el desarrollo de la materia. | N1: 1.3 Todos los contenidos tuvieron el tiempo suficiente para lograr los aprendizajes esperados. | O1: 1.4 El/la docente utilizó el Campus Virtual como herramienta de apoyo de la asignatura. | P1: 2.1 El/la docente relacionó conceptos con otros aprendidos con anterioridad en la misma materia o en otras materias. | Q1: 2.2 El/la docente usó ejemplos y casos relacionados con la realidad y/o el mundo laboral. | R1: 2.3 Los recursos y/o bibliografía propuestos me sirvieron para comprender las temáticas de la asignatura. | S1: 3.1 El/la docente desarrolló los temas con claridad. | T1: 3.2 El/la docente fomentó la participación en clase | U1: 3.3 Las tecnologías digitales que usó el docente me facilitaron el aprendizaje (Ejemplo: videos, recursos web, programas, presentaciones, etc.). | V1: 3.4 Las actividades propuestas en la clase contribuyeron al aprendizaje (trabajos prácticos individuales o grupales, visitas, etc.) | W1: 4 ¿Tuviste instancias de evaluación de los contenidos? | X1: 4.1 El/la docente comunicó claramente los criterios de evaluación antes de cada evaluación. | Y1: 4.2 La evaluación se correspondió con lo enseñado. | Z1: 4.3 Los instrumentos para evaluar fueron adecuados (multiple choice, examen oral, examen escrito, etc). | AA1: 4.4 Después de las evaluaciones, el/la docente realizó una devolución de los resultados a los/as estudiantes para mejorar los aprendizajes. | AB1: 4.5 El/la docente realizó las devoluciones en un tiempo adecuado. | AC1: 5.1 El/la docente estableció un ambiente agradable/seguro/de confianza para el aprendizaje. | AD1: 5.2 El/la docente promovió un trato respetuoso entre todas las personas, independientemente de su origen social, género u orientación sexual o política. | AE1: 5.3 El/la docente acogió positivamente las preguntas e inquietudes de los/as estudiantes. | AF1: 5.4 El/la docente generó interés en la materia y ganas de aprender. | AG1: 6.1 He aprendido y comprendido los contenidos de esta materia. | AH1: 6.2 La materia contribuyó a confirmar mi elección por la carrera.
A2: =IF('Base Encuesta'!#REF!="","",'Base Encuesta'!#REF!) -> #REF! | B2: =IF('Base Encuesta'!#REF!="","",'Base Encuesta'!#REF!) -> #REF! | C2: =IF('Base Encuesta'!#REF!="","",'Base Encuesta'!#REF!) -> #REF! | D2: =IF('Base Encuesta'!#REF!="","",'Base Encuesta'!#REF!) -> #REF! | E2: =IF('Base Encuesta'!#REF!="","",'Base Encuesta'!#REF!) -> #REF! | F2: =IF('Base Encuesta'!#REF!="","",'Base Encuesta'!#REF!) -> #REF! | G2: =IF('Base Encuesta'!#REF!="","",'Base Encuesta'!#REF!) -> #REF! | H2: =IF('Base Encuesta'!#REF!="","",'Base Encuesta'!#REF!) -> #REF! | I2: =IF('Base Encuesta'!#REF!="","",'Base Encuesta'!#REF!) -> #REF! | J2: =IF(OR('Base Encuesta'!#REF!="",IFERROR(VALUE(LEFT('Base Encuesta'!#REF!,1)),"")>=3),"",PROPER(TRIM('Base Encuesta'!#REF!))) -> #REF! | K2: =IF(OR('Base Encuesta'!#REF!="",IFERROR(VALUE(LEFT('Base Encuesta'!#REF!,1)),"")>=3),"",'Base Encuesta'!#REF!) -> #REF! | L2: =IF(OR('Base Encuesta'!#REF!="",IFERROR(VALUE(LEFT('Base Encuesta'!#REF!,1)),"")>=3),"",VALUE(LEFT('Base Encuesta'!#REF!,1))) -> #REF! | M2: =IF(OR('Base Encuesta'!#REF!="",IFERROR(VALUE(LEFT('Base Encuesta'!#REF!,1)),"")>=3),"",VALUE(LEFT('Base Encuesta'!#REF!,1))) -> #REF! | N2: =IF(OR('Base Encuesta'!#REF!="",IFERROR(VALUE(LEFT('Base Encuesta'!#REF!,1)),"")>=3),"",VALUE(LEFT('Base Encuesta'!#REF!,1))) -> #REF! | O2: =IF(OR('Base Encuesta'!#REF!="",IFERROR(VALUE(LEFT('Base Encuesta'!#REF!,1)),"")>=3),"",VALUE(LEFT('Base Encuesta'!#REF!,1))) -> #REF! | P2: =IF(OR('Base Encuesta'!#REF!="",IFERROR(VALUE(LEFT('Base Encuesta'!#REF!,1)),"")>=3),"",VALUE(LEFT('Base Encuesta'!#REF!,1))) -> #REF! | Q2: =IF(OR('Base Encuesta'!#REF!="",IFERROR(VALUE(LEFT('Base Encuesta'!#REF!,1)),"")>=3),"",VALUE(LEFT('Base Encuesta'!#REF!,1))) -> #REF! | R2: =IF(OR('Base Encuesta'!#REF!="",IFERROR(VALUE(LEFT('Base Encuesta'!#REF!,1)),"")>=3),"",VALUE(LEFT('Base Encuesta'!#REF!,1))) -> #REF! | S2: =IF(OR('Base Encuesta'!#REF!="",IFERROR(VALUE(LEFT('Base Encuesta'!#REF!,1)),"")>=3),"",VALUE(LEFT('Base Encuesta'!#REF!,1))) -> #REF! | ... W2: =IF(OR('Base Encuesta'!#REF!="",IFERROR(VALUE(LEFT('Base Encuesta'!#REF!,1)),"")>=3),"",VALUE(LEFT('Base Encuesta'!#REF!,1))) -> #REF! | X2: =IF(OR('Base Encuesta'!#REF!="",IFERROR(VALUE(LEFT('Base Encuesta'!#REF!,1)),"")>=3),"",IF(W2=1,VALUE(LEFT('Base Encuesta'!#REF!,1)),"")) -> #REF! | Y2: =IF(OR('Base Encuesta'!#REF!="",IFERROR(VALUE(LEFT('Base Encuesta'!#REF!,1)),"")>=3),"",IF(W2=1,VALUE(LEFT('Base Encuesta'!#REF!,1)),"")) -> #REF! | Z2: =IF(OR('Base Encuesta'!#REF!="",IFERROR(VALUE(LEFT('Base Encuesta'!#REF!,1)),"")>=3),"",IF(W2=1,VALUE(LEFT('Base Encuesta'!#REF!,1)),"")) -> #REF! | AA2: =IF(OR('Base Encuesta'!#REF!="",IFERROR(VALUE(LEFT('Base Encuesta'!#REF!,1)),"")>=3),"",IF(W2=1,VALUE(LEFT('Base Encuesta'!#REF!,1)),"")) -> #REF! | AB2: =IF(OR('Base Encuesta'!#REF!="",IFERROR(VALUE(LEFT('Base Encuesta'!#REF!,1)),"")>=3),"",IF(W2=1,VALUE(LEFT('Base Encuesta'!#REF!,1)),"")) -> #REF! | AC2: =IF(OR('Base Encuesta'!#REF!="",IFERROR(VALUE(LEFT('Base Encuesta'!#REF!,1)),"")>=3),"",VALUE(LEFT('Base Encuesta'!#REF!,1))) -> #REF! | AD2: =IF(OR('Base Encuesta'!#REF!="",IFERROR(VALUE(LEFT('Base Encuesta'!#REF!,1)),"")>=3),"",VALUE(LEFT('Base Encuesta'!#REF!,1))) -> #REF! | AE2: =IF(OR('Base Encuesta'!#REF!="",IFERROR(VALUE(LEFT('Base Encuesta'!#REF!,1)),"")>=3),"",VALUE(LEFT('Base Encuesta'!#REF!,1))) -> #REF! | AF2: =IF(OR('Base Encuesta'!#REF!="",IFERROR(VALUE(LEFT('Base Encuesta'!#REF!,1)),"")>=3),"",VALUE(LEFT('Base Encuesta'!#REF!,1))) -> #REF! | AG2: =IF(OR('Base Encuesta'!#REF!="",IFERROR(VALUE(LEFT('Base Encuesta'!#REF!,1)),"")>=3),"",VALUE(LEFT('Base Encuesta'!#REF!,1))) -> #REF! | AH2: =IF(OR('Base Encuesta'!#REF!="",IFERROR(VALUE(LEFT('Base Encuesta'!#REF!,1)),"")>=3),"",VALUE(LEFT('Base Encuesta'!#REF!,1))) -> #REF!
A3: =IF('Base Encuesta'!#REF!="","",'Base Encuesta'!#REF!) -> #REF! | B3: =IF('Base Encuesta'!#REF!="","",'Base Encuesta'!#REF!) -> #REF! | C3: =IF('Base Encuesta'!#REF!="","",'Base Encuesta'!#REF!) -> #REF! | D3: =IF('Base Encuesta'!#REF!="","",'Base Encuesta'!#REF!) -> #REF! | E3: =IF('Base Encuesta'!#REF!="","",'Base Encuesta'!#REF!) -> #REF! | F3: =IF('Base Encuesta'!#REF!="","",'Base Encuesta'!#REF!) -> #REF! | G3: =IF('Base Encuesta'!#REF!="","",'Base Encuesta'!#REF!) -> #REF! | H3: =IF('Base Encuesta'!#REF!="","",'Base Encuesta'!#REF!) -> #REF! | I3: =IF('Base Encuesta'!#REF!="","",'Base Encuesta'!#REF!) -> #REF! | J3: =IF(OR('Base Encuesta'!#REF!="",IFERROR(VALUE(LEFT('Base Encuesta'!#REF!,1)),"")>=3),"",PROPER(TRIM('Base Encuesta'!#REF!))) -> #REF! | K3: =IF(OR('Base Encuesta'!#REF!="",IFERROR(VALUE(LEFT('Base Encuesta'!#REF!,1)),"")>=3),"",'Base Encuesta'!#REF!) -> #REF! | L3: =IF(OR('Base Encuesta'!#REF!="",IFERROR(VALUE(LEFT('Base Encuesta'!#REF!,1)),"")>=3),"",VALUE(LEFT('Base Encuesta'!#REF!,1))) -> #REF! | M3: =IF(OR('Base Encuesta'!#REF!="",IFERROR(VALUE(LEFT('Base Encuesta'!#REF!,1)),"")>=3),"",VALUE(LEFT('Base Encuesta'!#REF!,1))) -> #REF! | N3: =IF(OR('Base Encuesta'!#REF!="",IFERROR(VALUE(LEFT('Base Encuesta'!#REF!,1)),"")>=3),"",VALUE(LEFT('Base Encuesta'!#REF!,1))) -> #REF! | O3: =IF(OR('Base Encuesta'!#REF!="",IFERROR(VALUE(LEFT('Base Encuesta'!#REF!,1)),"")>=3),"",VALUE(LEFT('Base Encuesta'!#REF!,1))) -> #REF! | P3: =IF(OR('Base Encuesta'!#REF!="",IFERROR(VALUE(LEFT('Base Encuesta'!#REF!,1)),"")>=3),"",VALUE(LEFT('Base Encuesta'!#REF!,1))) -> #REF! | Q3: =IF(OR('Base Encuesta'!#REF!="",IFERROR(VALUE(LEFT('Base Encuesta'!#REF!,1)),"")>=3),"",VALUE(LEFT('Base Encuesta'!#REF!,1))) -> #REF! | R3: =IF(OR('Base Encuesta'!#REF!="",IFERROR(VALUE(LEFT('Base Encuesta'!#REF!,1)),"")>=3),"",VALUE(LEFT('Base Encuesta'!#REF!,1))) -> #REF! | S3: =IF(OR('Base Encuesta'!#REF!="",IFERROR(VALUE(LEFT('Base Encuesta'!#REF!,1)),"")>=3),"",VALUE(LEFT('Base Encuesta'!#REF!,1))) -> #REF! | ... W3: =IF(OR('Base Encuesta'!#REF!="",IFERROR(VALUE(LEFT('Base Encuesta'!#REF!,1)),"")>=3),"",VALUE(LEFT('Base Encuesta'!#REF!,1))) -> #REF! | X3: =IF(OR('Base Encuesta'!#REF!="",IFERROR(VALUE(LEFT('Base Encuesta'!#REF!,1)),"")>=3),"",IF(W3=1,VALUE(LEFT('Base Encuesta'!#REF!,1)),"")) -> #REF! | Y3: =IF(OR('Base Encuesta'!#REF!="",IFERROR(VALUE(LEFT('Base Encuesta'!#REF!,1)),"")>=3),"",IF(W3=1,VALUE(LEFT('Base Encuesta'!#REF!,1)),"")) -> #REF! | Z3: =IF(OR('Base Encuesta'!#REF!="",IFERROR(VALUE(LEFT('Base Encuesta'!#REF!,1)),"")>=3),"",IF(W3=1,VALUE(LEFT('Base Encuesta'!#REF!,1)),"")) -> #REF! | AA3: =IF(OR('Base Encuesta'!#REF!="",IFERROR(VALUE(LEFT('Base Encuesta'!#REF!,1)),"")>=3),"",IF(W3=1,VALUE(LEFT('Base Encuesta'!#REF!,1)),"")) -> #REF! | AB3: =IF(OR('Base Encuesta'!#REF!="",IFERROR(VALUE(LEFT('Base Encuesta'!#REF!,1)),"")>=3),"",IF(W3=1,VALUE(LEFT('Base Encuesta'!#REF!,1)),"")) -> #REF! | AC3: =IF(OR('Base Encuesta'!#REF!="",IFERROR(VALUE(LEFT('Base Encuesta'!#REF!,1)),"")>=3),"",VALUE(LEFT('Base Encuesta'!#REF!,1))) -> #REF! | AD3: =IF(OR('Base Encuesta'!#REF!="",IFERROR(VALUE(LEFT('Base Encuesta'!#REF!,1)),"")>=3),"",VALUE(LEFT('Base Encuesta'!#REF!,1))) -> #REF! | AE3: =IF(OR('Base Encuesta'!#REF!="",IFERROR(VALUE(LEFT('Base Encuesta'!#REF!,1)),"")>=3),"",VALUE(LEFT('Base Encuesta'!#REF!,1))) -> #REF! | AF3: =IF(OR('Base Encuesta'!#REF!="",IFERROR(VALUE(LEFT('Base Encuesta'!#REF!,1)),"")>=3),"",VALUE(LEFT('Base Encuesta'!#REF!,1))) -> #REF! | AG3: =IF(OR('Base Encuesta'!#REF!="",IFERROR(VALUE(LEFT('Base Encuesta'!#REF!,1)),"")>=3),"",VALUE(LEFT('Base Encuesta'!#REF!,1))) -> #REF! | AH3: =IF(OR('Base Encuesta'!#REF!="",IFERROR(VALUE(LEFT('Base Encuesta'!#REF!,1)),"")>=3),"",VALUE(LEFT('Base Encuesta'!#REF!,1))) -> #REF!
A4: =IF('Base Encuesta'!#REF!="","",'Base Encuesta'!#REF!) -> #REF! | B4: =IF('Base Encuesta'!#REF!="","",'Base Encuesta'!#REF!) -> #REF! | C4: =IF('Base Encuesta'!#REF!="","",'Base Encuesta'!#REF!) -> #REF! | D4: =IF('Base Encuesta'!#REF!="","",'Base Encuesta'!#REF!) -> #REF! | E4: =IF('Base Encuesta'!#REF!="","",'Base Encuesta'!#REF!) -> #REF! | F4: =IF('Base Encuesta'!#REF!="","",'Base Encuesta'!#REF!) -> #REF! | G4: =IF('Base Encuesta'!#REF!="","",'Base Encuesta'!#REF!) -> #REF! | H4: =IF('Base Encuesta'!#REF!="","",'Base Encuesta'!#REF!) -> #REF! | I4: =IF('Base Encuesta'!#REF!="","",'Base Encuesta'!#REF!) -> #REF! | J4: =IF(OR('Base Encuesta'!#REF!="",IFERROR(VALUE(LEFT('Base Encuesta'!#REF!,1)),"")>=3),"",PROPER(TRIM('Base Encuesta'!#REF!))) -> #REF! | K4: =IF(OR('Base Encuesta'!#REF!="",IFERROR(VALUE(LEFT('Base Encuesta'!#REF!,1)),"")>=3),"",'Base Encuesta'!#REF!) -> #REF! | L4: =IF(OR('Base Encuesta'!#REF!="",IFERROR(VALUE(LEFT('Base Encuesta'!#REF!,1)),"")>=3),"",VALUE(LEFT('Base Encuesta'!#REF!,1))) -> #REF! | M4: =IF(OR('Base Encuesta'!#REF!="",IFERROR(VALUE(LEFT('Base Encuesta'!#REF!,1)),"")>=3),"",VALUE(LEFT('Base Encuesta'!#REF!,1))) -> #REF! | N4: =IF(OR('Base Encuesta'!#REF!="",IFERROR(VALUE(LEFT('Base Encuesta'!#REF!,1)),"")>=3),"",VALUE(LEFT('Base Encuesta'!#REF!,1))) -> #REF! | O4: =IF(OR('Base Encuesta'!#REF!="",IFERROR(VALUE(LEFT('Base Encuesta'!#REF!,1)),"")>=3),"",VALUE(LEFT('Base Encuesta'!#REF!,1))) -> #REF! | P4: =IF(OR('Base Encuesta'!#REF!="",IFERROR(VALUE(LEFT('Base Encuesta'!#REF!,1)),"")>=3),"",VALUE(LEFT('Base Encuesta'!#REF!,1))) -> #REF! | Q4: =IF(OR('Base Encuesta'!#REF!="",IFERROR(VALUE(LEFT('Base Encuesta'!#REF!,1)),"")>=3),"",VALUE(LEFT('Base Encuesta'!#REF!,1))) -> #REF! | R4: =IF(OR('Base Encuesta'!#REF!="",IFERROR(VALUE(LEFT('Base Encuesta'!#REF!,1)),"")>=3),"",VALUE(LEFT('Base Encuesta'!#REF!,1))) -> #REF! | S4: =IF(OR('Base Encuesta'!#REF!="",IFERROR(VALUE(LEFT('Base Encuesta'!#REF!,1)),"")>=3),"",VALUE(LEFT('Base Encuesta'!#REF!,1))) -> #REF! | ... W4: =IF(OR('Base Encuesta'!#REF!="",IFERROR(VALUE(LEFT('Base Encuesta'!#REF!,1)),"")>=3),"",VALUE(LEFT('Base Encuesta'!#REF!,1))) -> #REF! | X4: =IF(OR('Base Encuesta'!#REF!="",IFERROR(VALUE(LEFT('Base Encuesta'!#REF!,1)),"")>=3),"",IF(W4=1,VALUE(LEFT('Base Encuesta'!#REF!,1)),"")) -> #REF! | Y4: =IF(OR('Base Encuesta'!#REF!="",IFERROR(VALUE(LEFT('Base Encuesta'!#REF!,1)),"")>=3),"",IF(W4=1,VALUE(LEFT('Base Encuesta'!#REF!,1)),"")) -> #REF! | Z4: =IF(OR('Base Encuesta'!#REF!="",IFERROR(VALUE(LEFT('Base Encuesta'!#REF!,1)),"")>=3),"",IF(W4=1,VALUE(LEFT('Base Encuesta'!#REF!,1)),"")) -> #REF! | AA4: =IF(OR('Base Encuesta'!#REF!="",IFERROR(VALUE(LEFT('Base Encuesta'!#REF!,1)),"")>=3),"",IF(W4=1,VALUE(LEFT('Base Encuesta'!#REF!,1)),"")) -> #REF! | AB4: =IF(OR('Base Encuesta'!#REF!="",IFERROR(VALUE(LEFT('Base Encuesta'!#REF!,1)),"")>=3),"",IF(W4=1,VALUE(LEFT('Base Encuesta'!#REF!,1)),"")) -> #REF! | AC4: =IF(OR('Base Encuesta'!#REF!="",IFERROR(VALUE(LEFT('Base Encuesta'!#REF!,1)),"")>=3),"",VALUE(LEFT('Base Encuesta'!#REF!,1))) -> #REF! | AD4: =IF(OR('Base Encuesta'!#REF!="",IFERROR(VALUE(LEFT('Base Encuesta'!#REF!,1)),"")>=3),"",VALUE(LEFT('Base Encuesta'!#REF!,1))) -> #REF! | AE4: =IF(OR('Base Encuesta'!#REF!="",IFERROR(VALUE(LEFT('Base Encuesta'!#REF!,1)),"")>=3),"",VALUE(LEFT('Base Encuesta'!#REF!,1))) -> #REF! | AF4: =IF(OR('Base Encuesta'!#REF!="",IFERROR(VALUE(LEFT('Base Encuesta'!#REF!,1)),"")>=3),"",VALUE(LEFT('Base Encuesta'!#REF!,1))) -> #REF! | AG4: =IF(OR('Base Encuesta'!#REF!="",IFERROR(VALUE(LEFT('Base Encuesta'!#REF!,1)),"")>=3),"",VALUE(LEFT('Base Encuesta'!#REF!,1))) -> #REF! | AH4: =IF(OR('Base Encuesta'!#REF!="",IFERROR(VALUE(LEFT('Base Encuesta'!#REF!,1)),"")>=3),"",VALUE(LEFT('Base Encuesta'!#REF!,1))) -> #REF!
A5: =IF('Base Encuesta'!#REF!="","",'Base Encuesta'!#REF!) -> #REF! | B5: =IF('Base Encuesta'!#REF!="","",'Base Encuesta'!#REF!) -> #REF! | C5: =IF('Base Encuesta'!#REF!="","",'Base Encuesta'!#REF!) -> #REF! | D5: =IF('Base Encuesta'!#REF!="","",'Base Encuesta'!#REF!) -> #REF! | E5: =IF('Base Encuesta'!#REF!="","",'Base Encuesta'!#REF!) -> #REF! | F5: =IF('Base Encuesta'!#REF!="","",'Base Encuesta'!#REF!) -> #REF! | G5: =IF('Base Encuesta'!#REF!="","",'Base Encuesta'!#REF!) -> #REF! | H5: =IF('Base Encuesta'!#REF!="","",'Base Encuesta'!#REF!) -> #REF! | I5: =IF('Base Encuesta'!#REF!="","",'Base Encuesta'!#REF!) -> #REF! | J5: =IF(OR('Base Encuesta'!#REF!="",IFERROR(VALUE(LEFT('Base Encuesta'!#REF!,1)),"")>=3),"",PROPER(TRIM('Base Encuesta'!#REF!))) -> #REF! | K5: =IF(OR('Base Encuesta'!#REF!="",IFERROR(VALUE(LEFT('Base Encuesta'!#REF!,1)),"")>=3),"",'Base Encuesta'!#REF!) -> #REF! | L5: =IF(OR('Base Encuesta'!#REF!="",IFERROR(VALUE(LEFT('Base Encuesta'!#REF!,1)),"")>=3),"",VALUE(LEFT('Base Encuesta'!#REF!,1))) -> #REF! | M5: =IF(OR('Base Encuesta'!#REF!="",IFERROR(VALUE(LEFT('Base Encuesta'!#REF!,1)),"")>=3),"",VALUE(LEFT('Base Encuesta'!#REF!,1))) -> #REF! | N5: =IF(OR('Base Encuesta'!#REF!="",IFERROR(VALUE(LEFT('Base Encuesta'!#REF!,1)),"")>=3),"",VALUE(LEFT('Base Encuesta'!#REF!,1))) -> #REF! | O5: =IF(OR('Base Encuesta'!#REF!="",IFERROR(VALUE(LEFT('Base Encuesta'!#REF!,1)),"")>=3),"",VALUE(LEFT('Base Encuesta'!#REF!,1))) -> #REF! | P5: =IF(OR('Base Encuesta'!#REF!="",IFERROR(VALUE(LEFT('Base Encuesta'!#REF!,1)),"")>=3),"",VALUE(LEFT('Base Encuesta'!#REF!,1))) -> #REF! | Q5: =IF(OR('Base Encuesta'!#REF!="",IFERROR(VALUE(LEFT('Base Encuesta'!#REF!,1)),"")>=3),"",VALUE(LEFT('Base Encuesta'!#REF!,1))) -> #REF! | R5: =IF(OR('Base Encuesta'!#REF!="",IFERROR(VALUE(LEFT('Base Encuesta'!#REF!,1)),"")>=3),"",VALUE(LEFT('Base Encuesta'!#REF!,1))) -> #REF! | S5: =IF(OR('Base Encuesta'!#REF!="",IFERROR(VALUE(LEFT('Base Encuesta'!#REF!,1)),"")>=3),"",VALUE(LEFT('Base Encuesta'!#REF!,1))) -> #REF! | ... W5: =IF(OR('Base Encuesta'!#REF!="",IFERROR(VALUE(LEFT('Base Encuesta'!#REF!,1)),"")>=3),"",VALUE(LEFT('Base Encuesta'!#REF!,1))) -> #REF! | X5: =IF(OR('Base Encuesta'!#REF!="",IFERROR(VALUE(LEFT('Base Encuesta'!#REF!,1)),"")>=3),"",IF(W5=1,VALUE(LEFT('Base Encuesta'!#REF!,1)),"")) -> #REF! | Y5: =IF(OR('Base Encuesta'!#REF!="",IFERROR(VALUE(LEFT('Base Encuesta'!#REF!,1)),"")>=3),"",IF(W5=1,VALUE(LEFT('Base Encuesta'!#REF!,1)),"")) -> #REF! | Z5: =IF(OR('Base Encuesta'!#REF!="",IFERROR(VALUE(LEFT('Base Encuesta'!#REF!,1)),"")>=3),"",IF(W5=1,VALUE(LEFT('Base Encuesta'!#REF!,1)),"")) -> #REF! | AA5: =IF(OR('Base Encuesta'!#REF!="",IFERROR(VALUE(LEFT('Base Encuesta'!#REF!,1)),"")>=3),"",IF(W5=1,VALUE(LEFT('Base Encuesta'!#REF!,1)),"")) -> #REF! | AB5: =IF(OR('Base Encuesta'!#REF!="",IFERROR(VALUE(LEFT('Base Encuesta'!#REF!,1)),"")>=3),"",IF(W5=1,VALUE(LEFT('Base Encuesta'!#REF!,1)),"")) -> #REF! | AC5: =IF(OR('Base Encuesta'!#REF!="",IFERROR(VALUE(LEFT('Base Encuesta'!#REF!,1)),"")>=3),"",VALUE(LEFT('Base Encuesta'!#REF!,1))) -> #REF! | AD5: =IF(OR('Base Encuesta'!#REF!="",IFERROR(VALUE(LEFT('Base Encuesta'!#REF!,1)),"")>=3),"",VALUE(LEFT('Base Encuesta'!#REF!,1))) -> #REF! | AE5: =IF(OR('Base Encuesta'!#REF!="",IFERROR(VALUE(LEFT('Base Encuesta'!#REF!,1)),"")>=3),"",VALUE(LEFT('Base Encuesta'!#REF!,1))) -> #REF! | AF5: =IF(OR('Base Encuesta'!#REF!="",IFERROR(VALUE(LEFT('Base Encuesta'!#REF!,1)),"")>=3),"",VALUE(LEFT('Base Encuesta'!#REF!,1))) -> #REF! | AG5: =IF(OR('Base Encuesta'!#REF!="",IFERROR(VALUE(LEFT('Base Encuesta'!#REF!,1)),"")>=3),"",VALUE(LEFT('Base Encuesta'!#REF!,1))) -> #REF! | AH5: =IF(OR('Base Encuesta'!#REF!="",IFERROR(VALUE(LEFT('Base Encuesta'!#REF!,1)),"")>=3),"",VALUE(LEFT('Base Encuesta'!#REF!,1))) -> #REF!
A6: =IF('Base Encuesta'!#REF!="","",'Base Encuesta'!#REF!) -> #REF! | B6: =IF('Base Encuesta'!#REF!="","",'Base Encuesta'!#REF!) -> #REF! | C6: =IF('Base Encuesta'!#REF!="","",'Base Encuesta'!#REF!) -> #REF! | D6: =IF('Base Encuesta'!#REF!="","",'Base Encuesta'!#REF!) -> #REF! | E6: =IF('Base Encuesta'!#REF!="","",'Base Encuesta'!#REF!) -> #REF! | F6: =IF('Base Encuesta'!#REF!="","",'Base Encuesta'!#REF!) -> #REF! | G6: =IF('Base Encuesta'!#REF!="","",'Base Encuesta'!#REF!) -> #REF! | H6: =IF('Base Encuesta'!#REF!="","",'Base Encuesta'!#REF!) -> #REF! | I6: =IF('Base Encuesta'!#REF!="","",'Base Encuesta'!#REF!) -> #REF! | J6: =IF(OR('Base Encuesta'!#REF!="",IFERROR(VALUE(LEFT('Base Encuesta'!#REF!,1)),"")>=3),"",PROPER(TRIM('Base Encuesta'!#REF!))) -> #REF! | K6: =IF(OR('Base Encuesta'!#REF!="",IFERROR(VALUE(LEFT('Base Encuesta'!#REF!,1)),"")>=3),"",'Base Encuesta'!#REF!) -> #REF! | L6: =IF(OR('Base Encuesta'!#REF!="",IFERROR(VALUE(LEFT('Base Encuesta'!#REF!,1)),"")>=3),"",VALUE(LEFT('Base Encuesta'!#REF!,1))) -> #REF! | M6: =IF(OR('Base Encuesta'!#REF!="",IFERROR(VALUE(LEFT('Base Encuesta'!#REF!,1)),"")>=3),"",VALUE(LEFT('Base Encuesta'!#REF!,1))) -> #REF! | N6: =IF(OR('Base Encuesta'!#REF!="",IFERROR(VALUE(LEFT('Base Encuesta'!#REF!,1)),"")>=3),"",VALUE(LEFT('Base Encuesta'!#REF!,1))) -> #REF! | O6: =IF(OR('Base Encuesta'!#REF!="",IFERROR(VALUE(LEFT('Base Encuesta'!#REF!,1)),"")>=3),"",VALUE(LEFT('Base Encuesta'!#REF!,1))) -> #REF! | P6: =IF(OR('Base Encuesta'!#REF!="",IFERROR(VALUE(LEFT('Base Encuesta'!#REF!,1)),"")>=3),"",VALUE(LEFT('Base Encuesta'!#REF!,1))) -> #REF! | Q6: =IF(OR('Base Encuesta'!#REF!="",IFERROR(VALUE(LEFT('Base Encuesta'!#REF!,1)),"")>=3),"",VALUE(LEFT('Base Encuesta'!#REF!,1))) -> #REF! | R6: =IF(OR('Base Encuesta'!#REF!="",IFERROR(VALUE(LEFT('Base Encuesta'!#REF!,1)),"")>=3),"",VALUE(LEFT('Base Encuesta'!#REF!,1))) -> #REF! | S6: =IF(OR('Base Encuesta'!#REF!="",IFERROR(VALUE(LEFT('Base Encuesta'!#REF!,1)),"")>=3),"",VALUE(LEFT('Base Encuesta'!#REF!,1))) -> #REF! | ... W6: =IF(OR('Base Encuesta'!#REF!="",IFERROR(VALUE(LEFT('Base Encuesta'!#REF!,1)),"")>=3),"",VALUE(LEFT('Base Encuesta'!#REF!,1))) -> #REF! | X6: =IF(OR('Base Encuesta'!#REF!="",IFERROR(VALUE(LEFT('Base Encuesta'!#REF!,1)),"")>=3),"",IF(W6=1,VALUE(LEFT('Base Encuesta'!#REF!,1)),"")) -> #REF! | Y6: =IF(OR('Base Encuesta'!#REF!="",IFERROR(VALUE(LEFT('Base Encuesta'!#REF!,1)),"")>=3),"",IF(W6=1,VALUE(LEFT('Base Encuesta'!#REF!,1)),"")) -> #REF! | Z6: =IF(OR('Base Encuesta'!#REF!="",IFERROR(VALUE(LEFT('Base Encuesta'!#REF!,1)),"")>=3),"",IF(W6=1,VALUE(LEFT('Base Encuesta'!#REF!,1)),"")) -> #REF! | AA6: =IF(OR('Base Encuesta'!#REF!="",IFERROR(VALUE(LEFT('Base Encuesta'!#REF!,1)),"")>=3),"",IF(W6=1,VALUE(LEFT('Base Encuesta'!#REF!,1)),"")) -> #REF! | AB6: =IF(OR('Base Encuesta'!#REF!="",IFERROR(VALUE(LEFT('Base Encuesta'!#REF!,1)),"")>=3),"",IF(W6=1,VALUE(LEFT('Base Encuesta'!#REF!,1)),"")) -> #REF! | AC6: =IF(OR('Base Encuesta'!#REF!="",IFERROR(VALUE(LEFT('Base Encuesta'!#REF!,1)),"")>=3),"",VALUE(LEFT('Base Encuesta'!#REF!,1))) -> #REF! | AD6: =IF(OR('Base Encuesta'!#REF!="",IFERROR(VALUE(LEFT('Base Encuesta'!#REF!,1)),"")>=3),"",VALUE(LEFT('Base Encuesta'!#REF!,1))) -> #REF! | AE6: =IF(OR('Base Encuesta'!#REF!="",IFERROR(VALUE(LEFT('Base Encuesta'!#REF!,1)),"")>=3),"",VALUE(LEFT('Base Encuesta'!#REF!,1))) -> #REF! | AF6: =IF(OR('Base Encuesta'!#REF!="",IFERROR(VALUE(LEFT('Base Encuesta'!#REF!,1)),"")>=3),"",VALUE(LEFT('Base Encuesta'!#REF!,1))) -> #REF! | AG6: =IF(OR('Base Encuesta'!#REF!="",IFERROR(VALUE(LEFT('Base Encuesta'!#REF!,1)),"")>=3),"",VALUE(LEFT('Base Encuesta'!#REF!,1))) -> #REF! | AH6: =IF(OR('Base Encuesta'!#REF!="",IFERROR(VALUE(LEFT('Base Encuesta'!#REF!,1)),"")>=3),"",VALUE(LEFT('Base Encuesta'!#REF!,1))) -> #REF!
A7: =IF('Base Encuesta'!#REF!="","",'Base Encuesta'!#REF!) -> #REF! | B7: =IF('Base Encuesta'!#REF!="","",'Base Encuesta'!#REF!) -> #REF! | C7: =IF('Base Encuesta'!#REF!="","",'Base Encuesta'!#REF!) -> #REF! | D7: =IF('Base Encuesta'!#REF!="","",'Base Encuesta'!#REF!) -> #REF! | E7: =IF('Base Encuesta'!#REF!="","",'Base Encuesta'!#REF!) -> #REF! | F7: =IF('Base Encuesta'!#REF!="","",'Base Encuesta'!#REF!) -> #REF! | G7: =IF('Base Encuesta'!#REF!="","",'Base Encuesta'!#REF!) -> #REF! | H7: =IF('Base Encuesta'!#REF!="","",'Base Encuesta'!#REF!) -> #REF! | I7: =IF('Base Encuesta'!#REF!="","",'Base Encuesta'!#REF!) -> #REF! | J7: =IF(OR('Base Encuesta'!#REF!="",IFERROR(VALUE(LEFT('Base Encuesta'!#REF!,1)),"")>=3),"",PROPER(TRIM('Base Encuesta'!#REF!))) -> #REF! | K7: =IF(OR('Base Encuesta'!#REF!="",IFERROR(VALUE(LEFT('Base Encuesta'!#REF!,1)),"")>=3),"",'Base Encuesta'!#REF!) -> #REF! | L7: =IF(OR('Base Encuesta'!#REF!="",IFERROR(VALUE(LEFT('Base Encuesta'!#REF!,1)),"")>=3),"",VALUE(LEFT('Base Encuesta'!#REF!,1))) -> #REF! | M7: =IF(OR('Base Encuesta'!#REF!="",IFERROR(VALUE(LEFT('Base Encuesta'!#REF!,1)),"")>=3),"",VALUE(LEFT('Base Encuesta'!#REF!,1))) -> #REF! | N7: =IF(OR('Base Encuesta'!#REF!="",IFERROR(VALUE(LEFT('Base Encuesta'!#REF!,1)),"")>=3),"",VALUE(LEFT('Base Encuesta'!#REF!,1))) -> #REF! | O7: =IF(OR('Base Encuesta'!#REF!="",IFERROR(VALUE(LEFT('Base Encuesta'!#REF!,1)),"")>=3),"",VALUE(LEFT('Base Encuesta'!#REF!,1))) -> #REF! | P7: =IF(OR('Base Encuesta'!#REF!="",IFERROR(VALUE(LEFT('Base Encuesta'!#REF!,1)),"")>=3),"",VALUE(LEFT('Base Encuesta'!#REF!,1))) -> #REF! | Q7: =IF(OR('Base Encuesta'!#REF!="",IFERROR(VALUE(LEFT('Base Encuesta'!#REF!,1)),"")>=3),"",VALUE(LEFT('Base Encuesta'!#REF!,1))) -> #REF! | R7: =IF(OR('Base Encuesta'!#REF!="",IFERROR(VALUE(LEFT('Base Encuesta'!#REF!,1)),"")>=3),"",VALUE(LEFT('Base Encuesta'!#REF!,1))) -> #REF! | S7: =IF(OR('Base Encuesta'!#REF!="",IFERROR(VALUE(LEFT('Base Encuesta'!#REF!,1)),"")>=3),"",VALUE(LEFT('Base Encuesta'!#REF!,1))) -> #REF! | ... W7: =IF(OR('Base Encuesta'!#REF!="",IFERROR(VALUE(LEFT('Base Encuesta'!#REF!,1)),"")>=3),"",VALUE(LEFT('Base Encuesta'!#REF!,1))) -> #REF! | X7: =IF(OR('Base Encuesta'!#REF!="",IFERROR(VALUE(LEFT('Base Encuesta'!#REF!,1)),"")>=3),"",IF(W7=1,VALUE(LEFT('Base Encuesta'!#REF!,1)),"")) -> #REF! | Y7: =IF(OR('Base Encuesta'!#REF!="",IFERROR(VALUE(LEFT('Base Encuesta'!#REF!,1)),"")>=3),"",IF(W7=1,VALUE(LEFT('Base Encuesta'!#REF!,1)),"")) -> #REF! | Z7: =IF(OR('Base Encuesta'!#REF!="",IFERROR(VALUE(LEFT('Base Encuesta'!#REF!,1)),"")>=3),"",IF(W7=1,VALUE(LEFT('Base Encuesta'!#REF!,1)),"")) -> #REF! | AA7: =IF(OR('Base Encuesta'!#REF!="",IFERROR(VALUE(LEFT('Base Encuesta'!#REF!,1)),"")>=3),"",IF(W7=1,VALUE(LEFT('Base Encuesta'!#REF!,1)),"")) -> #REF! | AB7: =IF(OR('Base Encuesta'!#REF!="",IFERROR(VALUE(LEFT('Base Encuesta'!#REF!,1)),"")>=3),"",IF(W7=1,VALUE(LEFT('Base Encuesta'!#REF!,1)),"")) -> #REF! | AC7: =IF(OR('Base Encuesta'!#REF!="",IFERROR(VALUE(LEFT('Base Encuesta'!#REF!,1)),"")>=3),"",VALUE(LEFT('Base Encuesta'!#REF!,1))) -> #REF! | AD7: =IF(OR('Base Encuesta'!#REF!="",IFERROR(VALUE(LEFT('Base Encuesta'!#REF!,1)),"")>=3),"",VALUE(LEFT('Base Encuesta'!#REF!,1))) -> #REF! | AE7: =IF(OR('Base Encuesta'!#REF!="",IFERROR(VALUE(LEFT('Base Encuesta'!#REF!,1)),"")>=3),"",VALUE(LEFT('Base Encuesta'!#REF!,1))) -> #REF! | AF7: =IF(OR('Base Encuesta'!#REF!="",IFERROR(VALUE(LEFT('Base Encuesta'!#REF!,1)),"")>=3),"",VALUE(LEFT('Base Encuesta'!#REF!,1))) -> #REF! | AG7: =IF(OR('Base Encuesta'!#REF!="",IFERROR(VALUE(LEFT('Base Encuesta'!#REF!,1)),"")>=3),"",VALUE(LEFT('Base Encuesta'!#REF!,1))) -> #REF! | AH7: =IF(OR('Base Encuesta'!#REF!="",IFERROR(VALUE(LEFT('Base Encuesta'!#REF!,1)),"")>=3),"",VALUE(LEFT('Base Encuesta'!#REF!,1))) -> #REF!
A8: =IF('Base Encuesta'!#REF!="","",'Base Encuesta'!#REF!) -> #REF! | B8: =IF('Base Encuesta'!#REF!="","",'Base Encuesta'!#REF!) -> #REF! | C8: =IF('Base Encuesta'!#REF!="","",'Base Encuesta'!#REF!) -> #REF! | D8: =IF('Base Encuesta'!#REF!="","",'Base Encuesta'!#REF!) -> #REF! | E8: =IF('Base Encuesta'!#REF!="","",'Base Encuesta'!#REF!) -> #REF! | F8: =IF('Base Encuesta'!#REF!="","",'Base Encuesta'!#REF!) -> #REF! | G8: =IF('Base Encuesta'!#REF!="","",'Base Encuesta'!#REF!) -> #REF! | H8: =IF('Base Encuesta'!#REF!="","",'Base Encuesta'!#REF!) -> #REF! | I8: =IF('Base Encuesta'!#REF!="","",'Base Encuesta'!#REF!) -> #REF! | J8: =IF(OR('Base Encuesta'!#REF!="",IFERROR(VALUE(LEFT('Base Encuesta'!#REF!,1)),"")>=3),"",PROPER(TRIM('Base Encuesta'!#REF!))) -> #REF! | K8: =IF(OR('Base Encuesta'!#REF!="",IFERROR(VALUE(LEFT('Base Encuesta'!#REF!,1)),"")>=3),"",'Base Encuesta'!#REF!) -> #REF! | L8: =IF(OR('Base Encuesta'!#REF!="",IFERROR(VALUE(LEFT('Base Encuesta'!#REF!,1)),"")>=3),"",VALUE(LEFT('Base Encuesta'!#REF!,1))) -> #REF! | M8: =IF(OR('Base Encuesta'!#REF!="",IFERROR(VALUE(LEFT('Base Encuesta'!#REF!,1)),"")>=3),"",VALUE(LEFT('Base Encuesta'!#REF!,1))) -> #REF! | N8: =IF(OR('Base Encuesta'!#REF!="",IFERROR(VALUE(LEFT('Base Encuesta'!#REF!,1)),"")>=3),"",VALUE(LEFT('Base Encuesta'!#REF!,1))) -> #REF! | O8: =IF(OR('Base Encuesta'!#REF!="",IFERROR(VALUE(LEFT('Base Encuesta'!#REF!,1)),"")>=3),"",VALUE(LEFT('Base Encuesta'!#REF!,1))) -> #REF! | P8: =IF(OR('Base Encuesta'!#REF!="",IFERROR(VALUE(LEFT('Base Encuesta'!#REF!,1)),"")>=3),"",VALUE(LEFT('Base Encuesta'!#REF!,1))) -> #REF! | Q8: =IF(OR('Base Encuesta'!#REF!="",IFERROR(VALUE(LEFT('Base Encuesta'!#REF!,1)),"")>=3),"",VALUE(LEFT('Base Encuesta'!#REF!,1))) -> #REF! | R8: =IF(OR('Base Encuesta'!#REF!="",IFERROR(VALUE(LEFT('Base Encuesta'!#REF!,1)),"")>=3),"",VALUE(LEFT('Base Encuesta'!#REF!,1))) -> #REF! | S8: =IF(OR('Base Encuesta'!#REF!="",IFERROR(VALUE(LEFT('Base Encuesta'!#REF!,1)),"")>=3),"",VALUE(LEFT('Base Encuesta'!#REF!,1))) -> #REF! | ... W8: =IF(OR('Base Encuesta'!#REF!="",IFERROR(VALUE(LEFT('Base Encuesta'!#REF!,1)),"")>=3),"",VALUE(LEFT('Base Encuesta'!#REF!,1))) -> #REF! | X8: =IF(OR('Base Encuesta'!#REF!="",IFERROR(VALUE(LEFT('Base Encuesta'!#REF!,1)),"")>=3),"",IF(W8=1,VALUE(LEFT('Base Encuesta'!#REF!,1)),"")) -> #REF! | Y8: =IF(OR('Base Encuesta'!#REF!="",IFERROR(VALUE(LEFT('Base Encuesta'!#REF!,1)),"")>=3),"",IF(W8=1,VALUE(LEFT('Base Encuesta'!#REF!,1)),"")) -> #REF! | Z8: =IF(OR('Base Encuesta'!#REF!="",IFERROR(VALUE(LEFT('Base Encuesta'!#REF!,1)),"")>=3),"",IF(W8=1,VALUE(LEFT('Base Encuesta'!#REF!,1)),"")) -> #REF! | AA8: =IF(OR('Base Encuesta'!#REF!="",IFERROR(VALUE(LEFT('Base Encuesta'!#REF!,1)),"")>=3),"",IF(W8=1,VALUE(LEFT('Base Encuesta'!#REF!,1)),"")) -> #REF! | AB8: =IF(OR('Base Encuesta'!#REF!="",IFERROR(VALUE(LEFT('Base Encuesta'!#REF!,1)),"")>=3),"",IF(W8=1,VALUE(LEFT('Base Encuesta'!#REF!,1)),"")) -> #REF! | AC8: =IF(OR('Base Encuesta'!#REF!="",IFERROR(VALUE(LEFT('Base Encuesta'!#REF!,1)),"")>=3),"",VALUE(LEFT('Base Encuesta'!#REF!,1))) -> #REF! | AD8: =IF(OR('Base Encuesta'!#REF!="",IFERROR(VALUE(LEFT('Base Encuesta'!#REF!,1)),"")>=3),"",VALUE(LEFT('Base Encuesta'!#REF!,1))) -> #REF! | AE8: =IF(OR('Base Encuesta'!#REF!="",IFERROR(VALUE(LEFT('Base Encuesta'!#REF!,1)),"")>=3),"",VALUE(LEFT('Base Encuesta'!#REF!,1))) -> #REF! | AF8: =IF(OR('Base Encuesta'!#REF!="",IFERROR(VALUE(LEFT('Base Encuesta'!#REF!,1)),"")>=3),"",VALUE(LEFT('Base Encuesta'!#REF!,1))) -> #REF! | AG8: =IF(OR('Base Encuesta'!#REF!="",IFERROR(VALUE(LEFT('Base Encuesta'!#REF!,1)),"")>=3),"",VALUE(LEFT('Base Encuesta'!#REF!,1))) -> #REF! | AH8: =IF(OR('Base Encuesta'!#REF!="",IFERROR(VALUE(LEFT('Base Encuesta'!#REF!,1)),"")>=3),"",VALUE(LEFT('Base Encuesta'!#REF!,1))) -> #REF!
A9: =IF('Base Encuesta'!#REF!="","",'Base Encuesta'!#REF!) -> #REF! | B9: =IF('Base Encuesta'!#REF!="","",'Base Encuesta'!#REF!) -> #REF! | C9: =IF('Base Encuesta'!#REF!="","",'Base Encuesta'!#REF!) -> #REF! | D9: =IF('Base Encuesta'!#REF!="","",'Base Encuesta'!#REF!) -> #REF! | E9: =IF('Base Encuesta'!#REF!="","",'Base Encuesta'!#REF!) -> #REF! | F9: =IF('Base Encuesta'!#REF!="","",'Base Encuesta'!#REF!) -> #REF! | G9: =IF('Base Encuesta'!#REF!="","",'Base Encuesta'!#REF!) -> #REF! | H9: =IF('Base Encuesta'!#REF!="","",'Base Encuesta'!#REF!) -> #REF! | I9: =IF('Base Encuesta'!#REF!="","",'Base Encuesta'!#REF!) -> #REF! | J9: =IF(OR('Base Encuesta'!#REF!="",IFERROR(VALUE(LEFT('Base Encuesta'!#REF!,1)),"")>=3),"",PROPER(TRIM('Base Encuesta'!#REF!))) -> #REF! | K9: =IF(OR('Base Encuesta'!#REF!="",IFERROR(VALUE(LEFT('Base Encuesta'!#REF!,1)),"")>=3),"",'Base Encuesta'!#REF!) -> #REF! | L9: =IF(OR('Base Encuesta'!#REF!="",IFERROR(VALUE(LEFT('Base Encuesta'!#REF!,1)),"")>=3),"",VALUE(LEFT('Base Encuesta'!#REF!,1))) -> #REF! | M9: =IF(OR('Base Encuesta'!#REF!="",IFERROR(VALUE(LEFT('Base Encuesta'!#REF!,1)),"")>=3),"",VALUE(LEFT('Base Encuesta'!#REF!,1))) -> #REF! | N9: =IF(OR('Base Encuesta'!#REF!="",IFERROR(VALUE(LEFT('Base Encuesta'!#REF!,1)),"")>=3),"",VALUE(LEFT('Base Encuesta'!#REF!,1))) -> #REF! | O9: =IF(OR('Base Encuesta'!#REF!="",IFERROR(VALUE(LEFT('Base Encuesta'!#REF!,1)),"")>=3),"",VALUE(LEFT('Base Encuesta'!#REF!,1))) -> #REF! | P9: =IF(OR('Base Encuesta'!#REF!="",IFERROR(VALUE(LEFT('Base Encuesta'!#REF!,1)),"")>=3),"",VALUE(LEFT('Base Encuesta'!#REF!,1))) -> #REF! | Q9: =IF(OR('Base Encuesta'!#REF!="",IFERROR(VALUE(LEFT('Base Encuesta'!#REF!,1)),"")>=3),"",VALUE(LEFT('Base Encuesta'!#REF!,1))) -> #REF! | R9: =IF(OR('Base Encuesta'!#REF!="",IFERROR(VALUE(LEFT('Base Encuesta'!#REF!,1)),"")>=3),"",VALUE(LEFT('Base Encuesta'!#REF!,1))) -> #REF! | S9: =IF(OR('Base Encuesta'!#REF!="",IFERROR(VALUE(LEFT('Base Encuesta'!#REF!,1)),"")>=3),"",VALUE(LEFT('Base Encuesta'!#REF!,1))) -> #REF! | ... W9: =IF(OR('Base Encuesta'!#REF!="",IFERROR(VALUE(LEFT('Base Encuesta'!#REF!,1)),"")>=3),"",VALUE(LEFT('Base Encuesta'!#REF!,1))) -> #REF! | X9: =IF(OR('Base Encuesta'!#REF!="",IFERROR(VALUE(LEFT('Base Encuesta'!#REF!,1)),"")>=3),"",IF(W9=1,VALUE(LEFT('Base Encuesta'!#REF!,1)),"")) -> #REF! | Y9: =IF(OR('Base Encuesta'!#REF!="",IFERROR(VALUE(LEFT('Base Encuesta'!#REF!,1)),"")>=3),"",IF(W9=1,VALUE(LEFT('Base Encuesta'!#REF!,1)),"")) -> #REF! | Z9: =IF(OR('Base Encuesta'!#REF!="",IFERROR(VALUE(LEFT('Base Encuesta'!#REF!,1)),"")>=3),"",IF(W9=1,VALUE(LEFT('Base Encuesta'!#REF!,1)),"")) -> #REF! | AA9: =IF(OR('Base Encuesta'!#REF!="",IFERROR(VALUE(LEFT('Base Encuesta'!#REF!,1)),"")>=3),"",IF(W9=1,VALUE(LEFT('Base Encuesta'!#REF!,1)),"")) -> #REF! | AB9: =IF(OR('Base Encuesta'!#REF!="",IFERROR(VALUE(LEFT('Base Encuesta'!#REF!,1)),"")>=3),"",IF(W9=1,VALUE(LEFT('Base Encuesta'!#REF!,1)),"")) -> #REF! | AC9: =IF(OR('Base Encuesta'!#REF!="",IFERROR(VALUE(LEFT('Base Encuesta'!#REF!,1)),"")>=3),"",VALUE(LEFT('Base Encuesta'!#REF!,1))) -> #REF! | AD9: =IF(OR('Base Encuesta'!#REF!="",IFERROR(VALUE(LEFT('Base Encuesta'!#REF!,1)),"")>=3),"",VALUE(LEFT('Base Encuesta'!#REF!,1))) -> #REF! | AE9: =IF(OR('Base Encuesta'!#REF!="",IFERROR(VALUE(LEFT('Base Encuesta'!#REF!,1)),"")>=3),"",VALUE(LEFT('Base Encuesta'!#REF!,1))) -> #REF! | AF9: =IF(OR('Base Encuesta'!#REF!="",IFERROR(VALUE(LEFT('Base Encuesta'!#REF!,1)),"")>=3),"",VALUE(LEFT('Base Encuesta'!#REF!,1))) -> #REF! | AG9: =IF(OR('Base Encuesta'!#REF!="",IFERROR(VALUE(LEFT('Base Encuesta'!#REF!,1)),"")>=3),"",VALUE(LEFT('Base Encuesta'!#REF!,1))) -> #REF! | AH9: =IF(OR('Base Encuesta'!#REF!="",IFERROR(VALUE(LEFT('Base Encuesta'!#REF!,1)),"")>=3),"",VALUE(LEFT('Base Encuesta'!#REF!,1))) -> #REF!
A10: =IF('Base Encuesta'!#REF!="","",'Base Encuesta'!#REF!) -> #REF! | B10: =IF('Base Encuesta'!#REF!="","",'Base Encuesta'!#REF!) -> #REF! | C10: =IF('Base Encuesta'!#REF!="","",'Base Encuesta'!#REF!) -> #REF! | D10: =IF('Base Encuesta'!#REF!="","",'Base Encuesta'!#REF!) -> #REF! | E10: =IF('Base Encuesta'!#REF!="","",'Base Encuesta'!#REF!) -> #REF! | F10: =IF('Base Encuesta'!#REF!="","",'Base Encuesta'!#REF!) -> #REF! | G10: =IF('Base Encuesta'!#REF!="","",'Base Encuesta'!#REF!) -> #REF! | H10: =IF('Base Encuesta'!#REF!="","",'Base Encuesta'!#REF!) -> #REF! | I10: =IF('Base Encuesta'!#REF!="","",'Base Encuesta'!#REF!) -> #REF! | J10: =IF(OR('Base Encuesta'!#REF!="",IFERROR(VALUE(LEFT('Base Encuesta'!#REF!,1)),"")>=3),"",PROPER(TRIM('Base Encuesta'!#REF!))) -> #REF! | K10: =IF(OR('Base Encuesta'!#REF!="",IFERROR(VALUE(LEFT('Base Encuesta'!#REF!,1)),"")>=3),"",'Base Encuesta'!#REF!) -> #REF! | L10: =IF(OR('Base Encuesta'!#REF!="",IFERROR(VALUE(LEFT('Base Encuesta'!#REF!,1)),"")>=3),"",VALUE(LEFT('Base Encuesta'!#REF!,1))) -> #REF! | M10: =IF(OR('Base Encuesta'!#REF!="",IFERROR(VALUE(LEFT('Base Encuesta'!#REF!,1)),"")>=3),"",VALUE(LEFT('Base Encuesta'!#REF!,1))) -> #REF! | N10: =IF(OR('Base Encuesta'!#REF!="",IFERROR(VALUE(LEFT('Base Encuesta'!#REF!,1)),"")>=3),"",VALUE(LEFT('Base Encuesta'!#REF!,1))) -> #REF! | O10: =IF(OR('Base Encuesta'!#REF!="",IFERROR(VALUE(LEFT('Base Encuesta'!#REF!,1)),"")>=3),"",VALUE(LEFT('Base Encuesta'!#REF!,1))) -> #REF! | P10: =IF(OR('Base Encuesta'!#REF!="",IFERROR(VALUE(LEFT('Base Encuesta'!#REF!,1)),"")>=3),"",VALUE(LEFT('Base Encuesta'!#REF!,1))) -> #REF! | Q10: =IF(OR('Base Encuesta'!#REF!="",IFERROR(VALUE(LEFT('Base Encuesta'!#REF!,1)),"")>=3),"",VALUE(LEFT('Base Encuesta'!#REF!,1))) -> #REF! | R10: =IF(OR('Base Encuesta'!#REF!="",IFERROR(VALUE(LEFT('Base Encuesta'!#REF!,1)),"")>=3),"",VALUE(LEFT('Base Encuesta'!#REF!,1))) -> #REF! | S10: =IF(OR('Base Encuesta'!#REF!="",IFERROR(VALUE(LEFT('Base Encuesta'!#REF!,1)),"")>=3),"",VALUE(LEFT('Base Encuesta'!#REF!,1))) -> #REF! | ... W10: =IF(OR('Base Encuesta'!#REF!="",IFERROR(VALUE(LEFT('Base Encuesta'!#REF!,1)),"")>=3),"",VALUE(LEFT('Base Encuesta'!#REF!,1))) -> #REF! | X10: =IF(OR('Base Encuesta'!#REF!="",IFERROR(VALUE(LEFT('Base Encuesta'!#REF!,1)),"")>=3),"",IF(W10=1,VALUE(LEFT('Base Encuesta'!#REF!,1)),"")) -> #REF! | Y10: =IF(OR('Base Encuesta'!#REF!="",IFERROR(VALUE(LEFT('Base Encuesta'!#REF!,1)),"")>=3),"",IF(W10=1,VALUE(LEFT('Base Encuesta'!#REF!,1)),"")) -> #REF! | Z10: =IF(OR('Base Encuesta'!#REF!="",IFERROR(VALUE(LEFT('Base Encuesta'!#REF!,1)),"")>=3),"",IF(W10=1,VALUE(LEFT('Base Encuesta'!#REF!,1)),"")) -> #REF! | AA10: =IF(OR('Base Encuesta'!#REF!="",IFERROR(VALUE(LEFT('Base Encuesta'!#REF!,1)),"")>=3),"",IF(W10=1,VALUE(LEFT('Base Encuesta'!#REF!,1)),"")) -> #REF! | AB10: =IF(OR('Base Encuesta'!#REF!="",IFERROR(VALUE(LEFT('Base Encuesta'!#REF!,1)),"")>=3),"",IF(W10=1,VALUE(LEFT('Base Encuesta'!#REF!,1)),"")) -> #REF! | AC10: =IF(OR('Base Encuesta'!#REF!="",IFERROR(VALUE(LEFT('Base Encuesta'!#REF!,1)),"")>=3),"",VALUE(LEFT('Base Encuesta'!#REF!,1))) -> #REF! | AD10: =IF(OR('Base Encuesta'!#REF!="",IFERROR(VALUE(LEFT('Base Encuesta'!#REF!,1)),"")>=3),"",VALUE(LEFT('Base Encuesta'!#REF!,1))) -> #REF! | AE10: =IF(OR('Base Encuesta'!#REF!="",IFERROR(VALUE(LEFT('Base Encuesta'!#REF!,1)),"")>=3),"",VALUE(LEFT('Base Encuesta'!#REF!,1))) -> #REF! | AF10: =IF(OR('Base Encuesta'!#REF!="",IFERROR(VALUE(LEFT('Base Encuesta'!#REF!,1)),"")>=3),"",VALUE(LEFT('Base Encuesta'!#REF!,1))) -> #REF! | AG10: =IF(OR('Base Encuesta'!#REF!="",IFERROR(VALUE(LEFT('Base Encuesta'!#REF!,1)),"")>=3),"",VALUE(LEFT('Base Encuesta'!#REF!,1))) -> #REF! | AH10: =IF(OR('Base Encuesta'!#REF!="",IFERROR(VALUE(LEFT('Base Encuesta'!#REF!,1)),"")>=3),"",VALUE(LEFT('Base Encuesta'!#REF!,1))) -> #REF!
A11: =IF('Base Encuesta'!#REF!="","",'Base Encuesta'!#REF!) -> #REF! | B11: =IF('Base Encuesta'!#REF!="","",'Base Encuesta'!#REF!) -> #REF! | C11: =IF('Base Encuesta'!#REF!="","",'Base Encuesta'!#REF!) -> #REF! | D11: =IF('Base Encuesta'!#REF!="","",'Base Encuesta'!#REF!) -> #REF! | E11: =IF('Base Encuesta'!#REF!="","",'Base Encuesta'!#REF!) -> #REF! | F11: =IF('Base Encuesta'!#REF!="","",'Base Encuesta'!#REF!) -> #REF! | G11: =IF('Base Encuesta'!#REF!="","",'Base Encuesta'!#REF!) -> #REF! | H11: =IF('Base Encuesta'!#REF!="","",'Base Encuesta'!#REF!) -> #REF! | I11: =IF('Base Encuesta'!#REF!="","",'Base Encuesta'!#REF!) -> #REF! | J11: =IF(OR('Base Encuesta'!#REF!="",IFERROR(VALUE(LEFT('Base Encuesta'!#REF!,1)),"")>=3),"",PROPER(TRIM('Base Encuesta'!#REF!))) -> #REF! | K11: =IF(OR('Base Encuesta'!#REF!="",IFERROR(VALUE(LEFT('Base Encuesta'!#REF!,1)),"")>=3),"",'Base Encuesta'!#REF!) -> #REF! | L11: =IF(OR('Base Encuesta'!#REF!="",IFERROR(VALUE(LEFT('Base Encuesta'!#REF!,1)),"")>=3),"",VALUE(LEFT('Base Encuesta'!#REF!,1))) -> #REF! | M11: =IF(OR('Base Encuesta'!#REF!="",IFERROR(VALUE(LEFT('Base Encuesta'!#REF!,1)),"")>=3),"",VALUE(LEFT('Base Encuesta'!#REF!,1))) -> #REF! | N11: =IF(OR('Base Encuesta'!#REF!="",IFERROR(VALUE(LEFT('Base Encuesta'!#REF!,1)),"")>=3),"",VALUE(LEFT('Base Encuesta'!#REF!,1))) -> #REF! | O11: =IF(OR('Base Encuesta'!#REF!="",IFERROR(VALUE(LEFT('Base Encuesta'!#REF!,1)),"")>=3),"",VALUE(LEFT('Base Encuesta'!#REF!,1))) -> #REF! | P11: =IF(OR('Base Encuesta'!#REF!="",IFERROR(VALUE(LEFT('Base Encuesta'!#REF!,1)),"")>=3),"",VALUE(LEFT('Base Encuesta'!#REF!,1))) -> #REF! | Q11: =IF(OR('Base Encuesta'!#REF!="",IFERROR(VALUE(LEFT('Base Encuesta'!#REF!,1)),"")>=3),"",VALUE(LEFT('Base Encuesta'!#REF!,1))) -> #REF! | R11: =IF(OR('Base Encuesta'!#REF!="",IFERROR(VALUE(LEFT('Base Encuesta'!#REF!,1)),"")>=3),"",VALUE(LEFT('Base Encuesta'!#REF!,1))) -> #REF! | S11: =IF(OR('Base Encuesta'!#REF!="",IFERROR(VALUE(LEFT('Base Encuesta'!#REF!,1)),"")>=3),"",VALUE(LEFT('Base Encuesta'!#REF!,1))) -> #REF! | ... W11: =IF(OR('Base Encuesta'!#REF!="",IFERROR(VALUE(LEFT('Base Encuesta'!#REF!,1)),"")>=3),"",VALUE(LEFT('Base Encuesta'!#REF!,1))) -> #REF! | X11: =IF(OR('Base Encuesta'!#REF!="",IFERROR(VALUE(LEFT('Base Encuesta'!#REF!,1)),"")>=3),"",IF(W11=1,VALUE(LEFT('Base Encuesta'!#REF!,1)),"")) -> #REF! | Y11: =IF(OR('Base Encuesta'!#REF!="",IFERROR(VALUE(LEFT('Base Encuesta'!#REF!,1)),"")>=3),"",IF(W11=1,VALUE(LEFT('Base Encuesta'!#REF!,1)),"")) -> #REF! | Z11: =IF(OR('Base Encuesta'!#REF!="",IFERROR(VALUE(LEFT('Base Encuesta'!#REF!,1)),"")>=3),"",IF(W11=1,VALUE(LEFT('Base Encuesta'!#REF!,1)),"")) -> #REF! | AA11: =IF(OR('Base Encuesta'!#REF!="",IFERROR(VALUE(LEFT('Base Encuesta'!#REF!,1)),"")>=3),"",IF(W11=1,VALUE(LEFT('Base Encuesta'!#REF!,1)),"")) -> #REF! | AB11: =IF(OR('Base Encuesta'!#REF!="",IFERROR(VALUE(LEFT('Base Encuesta'!#REF!,1)),"")>=3),"",IF(W11=1,VALUE(LEFT('Base Encuesta'!#REF!,1)),"")) -> #REF! | AC11: =IF(OR('Base Encuesta'!#REF!="",IFERROR(VALUE(LEFT('Base Encuesta'!#REF!,1)),"")>=3),"",VALUE(LEFT('Base Encuesta'!#REF!,1))) -> #REF! | AD11: =IF(OR('Base Encuesta'!#REF!="",IFERROR(VALUE(LEFT('Base Encuesta'!#REF!,1)),"")>=3),"",VALUE(LEFT('Base Encuesta'!#REF!,1))) -> #REF! | AE11: =IF(OR('Base Encuesta'!#REF!="",IFERROR(VALUE(LEFT('Base Encuesta'!#REF!,1)),"")>=3),"",VALUE(LEFT('Base Encuesta'!#REF!,1))) -> #REF! | AF11: =IF(OR('Base Encuesta'!#REF!="",IFERROR(VALUE(LEFT('Base Encuesta'!#REF!,1)),"")>=3),"",VALUE(LEFT('Base Encuesta'!#REF!,1))) -> #REF! | AG11: =IF(OR('Base Encuesta'!#REF!="",IFERROR(VALUE(LEFT('Base Encuesta'!#REF!,1)),"")>=3),"",VALUE(LEFT('Base Encuesta'!#REF!,1))) -> #REF! | AH11: =IF(OR('Base Encuesta'!#REF!="",IFERROR(VALUE(LEFT('Base Encuesta'!#REF!,1)),"")>=3),"",VALUE(LEFT('Base Encuesta'!#REF!,1))) -> #REF!
A12: =IF('Base Encuesta'!#REF!="","",'Base Encuesta'!#REF!) -> #REF! | B12: =IF('Base Encuesta'!#REF!="","",'Base Encuesta'!#REF!) -> #REF! | C12: =IF('Base Encuesta'!#REF!="","",'Base Encuesta'!#REF!) -> #REF! | D12: =IF('Base Encuesta'!#REF!="","",'Base Encuesta'!#REF!) -> #REF! | E12: =IF('Base Encuesta'!#REF!="","",'Base Encuesta'!#REF!) -> #REF! | F12: =IF('Base Encuesta'!#REF!="","",'Base Encuesta'!#REF!) -> #REF! | G12: =IF('Base Encuesta'!#REF!="","",'Base Encuesta'!#REF!) -> #REF! | H12: =IF('Base Encuesta'!#REF!="","",'Base Encuesta'!#REF!) -> #REF! | I12: =IF('Base Encuesta'!#REF!="","",'Base Encuesta'!#REF!) -> #REF! | J12: =IF(OR('Base Encuesta'!#REF!="",IFERROR(VALUE(LEFT('Base Encuesta'!#REF!,1)),"")>=3),"",PROPER(TRIM('Base Encuesta'!#REF!))) -> #REF! | K12: =IF(OR('Base Encuesta'!#REF!="",IFERROR(VALUE(LEFT('Base Encuesta'!#REF!,1)),"")>=3),"",'Base Encuesta'!#REF!) -> #REF! | L12: =IF(OR('Base Encuesta'!#REF!="",IFERROR(VALUE(LEFT('Base Encuesta'!#REF!,1)),"")>=3),"",VALUE(LEFT('Base Encuesta'!#REF!,1))) -> #REF! | M12: =IF(OR('Base Encuesta'!#REF!="",IFERROR(VALUE(LEFT('Base Encuesta'!#REF!,1)),"")>=3),"",VALUE(LEFT('Base Encuesta'!#REF!,1))) -> #REF! | N12: =IF(OR('Base Encuesta'!#REF!="",IFERROR(VALUE(LEFT('Base Encuesta'!#REF!,1)),"")>=3),"",VALUE(LEFT('Base Encuesta'!#REF!,1))) -> #REF! | O12: =IF(OR('Base Encuesta'!#REF!="",IFERROR(VALUE(LEFT('Base Encuesta'!#REF!,1)),"")>=3),"",VALUE(LEFT('Base Encuesta'!#REF!,1))) -> #REF! | P12: =IF(OR('Base Encuesta'!#REF!="",IFERROR(VALUE(LEFT('Base Encuesta'!#REF!,1)),"")>=3),"",VALUE(LEFT('Base Encuesta'!#REF!,1))) -> #REF! | Q12: =IF(OR('Base Encuesta'!#REF!="",IFERROR(VALUE(LEFT('Base Encuesta'!#REF!,1)),"")>=3),"",VALUE(LEFT('Base Encuesta'!#REF!,1))) -> #REF! | R12: =IF(OR('Base Encuesta'!#REF!="",IFERROR(VALUE(LEFT('Base Encuesta'!#REF!,1)),"")>=3),"",VALUE(LEFT('Base Encuesta'!#REF!,1))) -> #REF! | S12: =IF(OR('Base Encuesta'!#REF!="",IFERROR(VALUE(LEFT('Base Encuesta'!#REF!,1)),"")>=3),"",VALUE(LEFT('Base Encuesta'!#REF!,1))) -> #REF! | ... W12: =IF(OR('Base Encuesta'!#REF!="",IFERROR(VALUE(LEFT('Base Encuesta'!#REF!,1)),"")>=3),"",VALUE(LEFT('Base Encuesta'!#REF!,1))) -> #REF! | X12: =IF(OR('Base Encuesta'!#REF!="",IFERROR(VALUE(LEFT('Base Encuesta'!#REF!,1)),"")>=3),"",IF(W12=1,VALUE(LEFT('Base Encuesta'!#REF!,1)),"")) -> #REF! | Y12: =IF(OR('Base Encuesta'!#REF!="",IFERROR(VALUE(LEFT('Base Encuesta'!#REF!,1)),"")>=3),"",IF(W12=1,VALUE(LEFT('Base Encuesta'!#REF!,1)),"")) -> #REF! | Z12: =IF(OR('Base Encuesta'!#REF!="",IFERROR(VALUE(LEFT('Base Encuesta'!#REF!,1)),"")>=3),"",IF(W12=1,VALUE(LEFT('Base Encuesta'!#REF!,1)),"")) -> #REF! | AA12: =IF(OR('Base Encuesta'!#REF!="",IFERROR(VALUE(LEFT('Base Encuesta'!#REF!,1)),"")>=3),"",IF(W12=1,VALUE(LEFT('Base Encuesta'!#REF!,1)),"")) -> #REF! | AB12: =IF(OR('Base Encuesta'!#REF!="",IFERROR(VALUE(LEFT('Base Encuesta'!#REF!,1)),"")>=3),"",IF(W12=1,VALUE(LEFT('Base Encuesta'!#REF!,1)),"")) -> #REF! | AC12: =IF(OR('Base Encuesta'!#REF!="",IFERROR(VALUE(LEFT('Base Encuesta'!#REF!,1)),"")>=3),"",VALUE(LEFT('Base Encuesta'!#REF!,1))) -> #REF! | AD12: =IF(OR('Base Encuesta'!#REF!="",IFERROR(VALUE(LEFT('Base Encuesta'!#REF!,1)),"")>=3),"",VALUE(LEFT('Base Encuesta'!#REF!,1))) -> #REF! | AE12: =IF(OR('Base Encuesta'!#REF!="",IFERROR(VALUE(LEFT('Base Encuesta'!#REF!,1)),"")>=3),"",VALUE(LEFT('Base Encuesta'!#REF!,1))) -> #REF! | AF12: =IF(OR('Base Encuesta'!#REF!="",IFERROR(VALUE(LEFT('Base Encuesta'!#REF!,1)),"")>=3),"",VALUE(LEFT('Base Encuesta'!#REF!,1))) -> #REF! | AG12: =IF(OR('Base Encuesta'!#REF!="",IFERROR(VALUE(LEFT('Base Encuesta'!#REF!,1)),"")>=3),"",VALUE(LEFT('Base Encuesta'!#REF!,1))) -> #REF! | AH12: =IF(OR('Base Encuesta'!#REF!="",IFERROR(VALUE(LEFT('Base Encuesta'!#REF!,1)),"")>=3),"",VALUE(LEFT('Base Encuesta'!#REF!,1))) -> #REF!
A13: =IF('Base Encuesta'!#REF!="","",'Base Encuesta'!#REF!) -> #REF! | B13: =IF('Base Encuesta'!#REF!="","",'Base Encuesta'!#REF!) -> #REF! | C13: =IF('Base Encuesta'!#REF!="","",'Base Encuesta'!#REF!) -> #REF! | D13: =IF('Base Encuesta'!#REF!="","",'Base Encuesta'!#REF!) -> #REF! | E13: =IF('Base Encuesta'!#REF!="","",'Base Encuesta'!#REF!) -> #REF! | F13: =IF('Base Encuesta'!#REF!="","",'Base Encuesta'!#REF!) -> #REF! | G13: =IF('Base Encuesta'!#REF!="","",'Base Encuesta'!#REF!) -> #REF! | H13: =IF('Base Encuesta'!#REF!="","",'Base Encuesta'!#REF!) -> #REF! | I13: =IF('Base Encuesta'!#REF!="","",'Base Encuesta'!#REF!) -> #REF! | J13: =IF(OR('Base Encuesta'!#REF!="",IFERROR(VALUE(LEFT('Base Encuesta'!#REF!,1)),"")>=3),"",PROPER(TRIM('Base Encuesta'!#REF!))) -> #REF! | K13: =IF(OR('Base Encuesta'!#REF!="",IFERROR(VALUE(LEFT('Base Encuesta'!#REF!,1)),"")>=3),"",'Base Encuesta'!#REF!) -> #REF! | L13: =IF(OR('Base Encuesta'!#REF!="",IFERROR(VALUE(LEFT('Base Encuesta'!#REF!,1)),"")>=3),"",VALUE(LEFT('Base Encuesta'!#REF!,1))) -> #REF! | M13: =IF(OR('Base Encuesta'!#REF!="",IFERROR(VALUE(LEFT('Base Encuesta'!#REF!,1)),"")>=3),"",VALUE(LEFT('Base Encuesta'!#REF!,1))) -> #REF! | N13: =IF(OR('Base Encuesta'!#REF!="",IFERROR(VALUE(LEFT('Base Encuesta'!#REF!,1)),"")>=3),"",VALUE(LEFT('Base Encuesta'!#REF!,1))) -> #REF! | O13: =IF(OR('Base Encuesta'!#REF!="",IFERROR(VALUE(LEFT('Base Encuesta'!#REF!,1)),"")>=3),"",VALUE(LEFT('Base Encuesta'!#REF!,1))) -> #REF! | P13: =IF(OR('Base Encuesta'!#REF!="",IFERROR(VALUE(LEFT('Base Encuesta'!#REF!,1)),"")>=3),"",VALUE(LEFT('Base Encuesta'!#REF!,1))) -> #REF! | Q13: =IF(OR('Base Encuesta'!#REF!="",IFERROR(VALUE(LEFT('Base Encuesta'!#REF!,1)),"")>=3),"",VALUE(LEFT('Base Encuesta'!#REF!,1))) -> #REF! | R13: =IF(OR('Base Encuesta'!#REF!="",IFERROR(VALUE(LEFT('Base Encuesta'!#REF!,1)),"")>=3),"",VALUE(LEFT('Base Encuesta'!#REF!,1))) -> #REF! | S13: =IF(OR('Base Encuesta'!#REF!="",IFERROR(VALUE(LEFT('Base Encuesta'!#REF!,1)),"")>=3),"",VALUE(LEFT('Base Encuesta'!#REF!,1))) -> #REF! | ... W13: =IF(OR('Base Encuesta'!#REF!="",IFERROR(VALUE(LEFT('Base Encuesta'!#REF!,1)),"")>=3),"",VALUE(LEFT('Base Encuesta'!#REF!,1))) -> #REF! | X13: =IF(OR('Base Encuesta'!#REF!="",IFERROR(VALUE(LEFT('Base Encuesta'!#REF!,1)),"")>=3),"",IF(W13=1,VALUE(LEFT('Base Encuesta'!#REF!,1)),"")) -> #REF! | Y13: =IF(OR('Base Encuesta'!#REF!="",IFERROR(VALUE(LEFT('Base Encuesta'!#REF!,1)),"")>=3),"",IF(W13=1,VALUE(LEFT('Base Encuesta'!#REF!,1)),"")) -> #REF! | Z13: =IF(OR('Base Encuesta'!#REF!="",IFERROR(VALUE(LEFT('Base Encuesta'!#REF!,1)),"")>=3),"",IF(W13=1,VALUE(LEFT('Base Encuesta'!#REF!,1)),"")) -> #REF! | AA13: =IF(OR('Base Encuesta'!#REF!="",IFERROR(VALUE(LEFT('Base Encuesta'!#REF!,1)),"")>=3),"",IF(W13=1,VALUE(LEFT('Base Encuesta'!#REF!,1)),"")) -> #REF! | AB13: =IF(OR('Base Encuesta'!#REF!="",IFERROR(VALUE(LEFT('Base Encuesta'!#REF!,1)),"")>=3),"",IF(W13=1,VALUE(LEFT('Base Encuesta'!#REF!,1)),"")) -> #REF! | AC13: =IF(OR('Base Encuesta'!#REF!="",IFERROR(VALUE(LEFT('Base Encuesta'!#REF!,1)),"")>=3),"",VALUE(LEFT('Base Encuesta'!#REF!,1))) -> #REF! | AD13: =IF(OR('Base Encuesta'!#REF!="",IFERROR(VALUE(LEFT('Base Encuesta'!#REF!,1)),"")>=3),"",VALUE(LEFT('Base Encuesta'!#REF!,1))) -> #REF! | AE13: =IF(OR('Base Encuesta'!#REF!="",IFERROR(VALUE(LEFT('Base Encuesta'!#REF!,1)),"")>=3),"",VALUE(LEFT('Base Encuesta'!#REF!,1))) -> #REF! | AF13: =IF(OR('Base Encuesta'!#REF!="",IFERROR(VALUE(LEFT('Base Encuesta'!#REF!,1)),"")>=3),"",VALUE(LEFT('Base Encuesta'!#REF!,1))) -> #REF! | AG13: =IF(OR('Base Encuesta'!#REF!="",IFERROR(VALUE(LEFT('Base Encuesta'!#REF!,1)),"")>=3),"",VALUE(LEFT('Base Encuesta'!#REF!,1))) -> #REF! | AH13: =IF(OR('Base Encuesta'!#REF!="",IFERROR(VALUE(LEFT('Base Encuesta'!#REF!,1)),"")>=3),"",VALUE(LEFT('Base Encuesta'!#REF!,1))) -> #REF!
... A46: =IF('Base Encuesta'!#REF!="","",'Base Encuesta'!#REF!) -> #REF! | B46: =IF('Base Encuesta'!#REF!="","",'Base Encuesta'!#REF!) -> #REF! | C46: =IF('Base Encuesta'!#REF!="","",'Base Encuesta'!#REF!) -> #REF! | D46: =IF('Base Encuesta'!#REF!="","",'Base Encuesta'!#REF!) -> #REF! | E46: =IF('Base Encuesta'!#REF!="","",'Base Encuesta'!#REF!) -> #REF! | F46: =IF('Base Encuesta'!#REF!="","",'Base Encuesta'!#REF!) -> #REF! | G46: =IF('Base Encuesta'!#REF!="","",'Base Encuesta'!#REF!) -> #REF! | H46: =IF('Base Encuesta'!#REF!="","",'Base Encuesta'!#REF!) -> #REF! | I46: =IF('Base Encuesta'!#REF!="","",'Base Encuesta'!#REF!) -> #REF! | J46: =IF(OR('Base Encuesta'!#REF!="",IFERROR(VALUE(LEFT('Base Encuesta'!#REF!,1)),"")>=3),"",PROPER(TRIM('Base Encuesta'!#REF!))) -> #REF! | K46: =IF(OR('Base Encuesta'!#REF!="",IFERROR(VALUE(LEFT('Base Encuesta'!#REF!,1)),"")>=3),"",'Base Encuesta'!#REF!) -> #REF! | L46: =IF(OR('Base Encuesta'!#REF!="",IFERROR(VALUE(LEFT('Base Encuesta'!#REF!,1)),"")>=3),"",VALUE(LEFT('Base Encuesta'!#REF!,1))) -> #REF! | M46: =IF(OR('Base Encuesta'!#REF!="",IFERROR(VALUE(LEFT('Base Encuesta'!#REF!,1)),"")>=3),"",VALUE(LEFT('Base Encuesta'!#REF!,1))) -> #REF! | N46: =IF(OR('Base Encuesta'!#REF!="",IFERROR(VALUE(LEFT('Base Encuesta'!#REF!,1)),"")>=3),"",VALUE(LEFT('Base Encuesta'!#REF!,1))) -> #REF! | O46: =IF(OR('Base Encuesta'!#REF!="",IFERROR(VALUE(LEFT('Base Encuesta'!#REF!,1)),"")>=3),"",VALUE(LEFT('Base Encuesta'!#REF!,1))) -> #REF! | P46: =IF(OR('Base Encuesta'!#REF!="",IFERROR(VALUE(LEFT('Base Encuesta'!#REF!,1)),"")>=3),"",VALUE(LEFT('Base Encuesta'!#REF!,1))) -> #REF! | Q46: =IF(OR('Base Encuesta'!#REF!="",IFERROR(VALUE(LEFT('Base Encuesta'!#REF!,1)),"")>=3),"",VALUE(LEFT('Base Encuesta'!#REF!,1))) -> #REF! | R46: =IF(OR('Base Encuesta'!#REF!="",IFERROR(VALUE(LEFT('Base Encuesta'!#REF!,1)),"")>=3),"",VALUE(LEFT('Base Encuesta'!#REF!,1))) -> #REF! | S46: =IF(OR('Base Encuesta'!#REF!="",IFERROR(VALUE(LEFT('Base Encuesta'!#REF!,1)),"")>=3),"",VALUE(LEFT('Base Encuesta'!#REF!,1))) -> #REF! | ... W46: =IF(OR('Base Encuesta'!#REF!="",IFERROR(VALUE(LEFT('Base Encuesta'!#REF!,1)),"")>=3),"",VALUE(LEFT('Base Encuesta'!#REF!,1))) -> #REF! | X46: =IF(OR('Base Encuesta'!#REF!="",IFERROR(VALUE(LEFT('Base Encuesta'!#REF!,1)),"")>=3),"",IF(W46=1,VALUE(LEFT('Base Encuesta'!#REF!,1)),"")) -> #REF! | Y46: =IF(OR('Base Encuesta'!#REF!="",IFERROR(VALUE(LEFT('Base Encuesta'!#REF!,1)),"")>=3),"",IF(W46=1,VALUE(LEFT('Base Encuesta'!#REF!,1)),"")) -> #REF! | Z46: =IF(OR('Base Encuesta'!#REF!="",IFERROR(VALUE(LEFT('Base Encuesta'!#REF!,1)),"")>=3),"",IF(W46=1,VALUE(LEFT('Base Encuesta'!#REF!,1)),"")) -> #REF! | AA46: =IF(OR('Base Encuesta'!#REF!="",IFERROR(VALUE(LEFT('Base Encuesta'!#REF!,1)),"")>=3),"",IF(W46=1,VALUE(LEFT('Base Encuesta'!#REF!,1)),"")) -> #REF! | AB46: =IF(OR('Base Encuesta'!#REF!="",IFERROR(VALUE(LEFT('Base Encuesta'!#REF!,1)),"")>=3),"",IF(W46=1,VALUE(LEFT('Base Encuesta'!#REF!,1)),"")) -> #REF! | AC46: =IF(OR('Base Encuesta'!#REF!="",IFERROR(VALUE(LEFT('Base Encuesta'!#REF!,1)),"")>=3),"",VALUE(LEFT('Base Encuesta'!#REF!,1))) -> #REF! | AD46: =IF(OR('Base Encuesta'!#REF!="",IFERROR(VALUE(LEFT('Base Encuesta'!#REF!,1)),"")>=3),"",VALUE(LEFT('Base Encuesta'!#REF!,1))) -> #REF! | AE46: =IF(OR('Base Encuesta'!#REF!="",IFERROR(VALUE(LEFT('Base Encuesta'!#REF!,1)),"")>=3),"",VALUE(LEFT('Base Encuesta'!#REF!,1))) -> #REF! | AF46: =IF(OR('Base Encuesta'!#REF!="",IFERROR(VALUE(LEFT('Base Encuesta'!#REF!,1)),"")>=3),"",VALUE(LEFT('Base Encuesta'!#REF!,1))) -> #REF! | AG46: =IF(OR('Base Encuesta'!#REF!="",IFERROR(VALUE(LEFT('Base Encuesta'!#REF!,1)),"")>=3),"",VALUE(LEFT('Base Encuesta'!#REF!,1))) -> #REF! | AH46: =IF(OR('Base Encuesta'!#REF!="",IFERROR(VALUE(LEFT('Base Encuesta'!#REF!,1)),"")>=3),"",VALUE(LEFT('Base Encuesta'!#REF!,1))) -> #REF!
A47: =IF('Base Encuesta'!C21="","",'Base Encuesta'!C21) -> 31008 | B47: =IF('Base Encuesta'!D21="","",'Base Encuesta'!D21) -> Escuela Interdisciplinaria de Altos Estudios Sociales | C47: =IF('Base Encuesta'!E21="","",'Base Encuesta'!E21) -> MA-GN00209 | D47: =IF('Base Encuesta'!F21="","",'Base Encuesta'!F21) -> Laboratorio de Datos: webscraping y procesamiento de lenguaje natural | E47: =IF('Base Encuesta'!G21="","",'Base Encuesta'!G21) -> 82009 | F47: =IF('Base Encuesta'!H21="","",'Base Encuesta'!H21) -> Laboratorio de Datos tn Rosati | G47: =IF('Base Encuesta'!I21="","",'Base Encuesta'!I21) -> ROSATI GERMAN FEDERICO (6114) | H47: =IF('Base Encuesta'!J21="","",'Base Encuesta'!J21) -> Licenciatura en Sociología | I47: =IF('Base Encuesta'!K21="","",'Base Encuesta'!K21) -> 1-Finalicé la cursada (hayas aprobado o no) | J47: =IF(OR('Base Encuesta'!P21="",IFERROR(VALUE(LEFT('Base Encuesta'!K21,1)),"")>=3),"",PROPER(TRIM('Base Encuesta'!P21))) -> Rosati Germán | K47: =IF(OR('Base Encuesta'!Q21="",IFERROR(VALUE(LEFT('Base Encuesta'!K21,1)),"")>=3),"",'Base Encuesta'!Q21) -> Sin respuesta | L47: =IF(OR('Base Encuesta'!R21="",IFERROR(VALUE(LEFT('Base Encuesta'!K21,1)),"")>=3),"",VALUE(LEFT('Base Encuesta'!R21,1))) -> 5 | M47: =IF(OR('Base Encuesta'!S21="",IFERROR(VALUE(LEFT('Base Encuesta'!K21,1)),"")>=3),"",VALUE(LEFT('Base Encuesta'!S21,1))) -> 5 | N47: =IF(OR('Base Encuesta'!T21="",IFERROR(VALUE(LEFT('Base Encuesta'!K21,1)),"")>=3),"",VALUE(LEFT('Base Encuesta'!T21,1))) -> 5 | O47: =IF(OR('Base Encuesta'!V21="",IFERROR(VALUE(LEFT('Base Encuesta'!K21,1)),"")>=3),"",VALUE(LEFT('Base Encuesta'!V21,1))) -> 1 | P47: =IF(OR('Base Encuesta'!W21="",IFERROR(VALUE(LEFT('Base Encuesta'!K21,1)),"")>=3),"",VALUE(LEFT('Base Encuesta'!W21,1))) -> 5 | Q47: =IF(OR('Base Encuesta'!X21="",IFERROR(VALUE(LEFT('Base Encuesta'!K21,1)),"")>=3),"",VALUE(LEFT('Base Encuesta'!X21,1))) -> 5 | R47: =IF(OR('Base Encuesta'!Y21="",IFERROR(VALUE(LEFT('Base Encuesta'!K21,1)),"")>=3),"",VALUE(LEFT('Base Encuesta'!Y21,1))) -> 5 | S47: =IF(OR('Base Encuesta'!Z21="",IFERROR(VALUE(LEFT('Base Encuesta'!K21,1)),"")>=3),"",VALUE(LEFT('Base Encuesta'!Z21,1))) -> 5 | T47: =IF(OR('Base Encuesta'!AA21="",IFERROR(VALUE(LEFT('Base Encuesta'!K21,1)),"")>=3),"",VALUE(LEFT('Base Encuesta'!AA21,1))) -> 5 | U47: =IF(OR('Base Encuesta'!AB21="",IFERROR(VALUE(LEFT('Base Encuesta'!K21,1)),"")>=3),"",VALUE(LEFT('Base Encuesta'!AB21,1))) -> 5 | V47: =IF(OR('Base Encuesta'!AC21="",IFERROR(VALUE(LEFT('Base Encuesta'!K21,1)),"")>=3),"",VALUE(LEFT('Base Encuesta'!AC21,1))) -> 5 | W47: =IF(OR('Base Encuesta'!AE21="",IFERROR(VALUE(LEFT('Base Encuesta'!K21,1)),"")>=3),"",VALUE(LEFT('Base Encuesta'!AE21,1))) -> 1 | X47: =IF(OR('Base Encuesta'!AF21="",IFERROR(VALUE(LEFT('Base Encuesta'!K21,1)),"")>=3),"",IF(W47=1,VALUE(LEFT('Base Encuesta'!AF21,1)),"")) -> 5 | Y47: =IF(OR('Base Encuesta'!AG21="",IFERROR(VALUE(LEFT('Base Encuesta'!K21,1)),"")>=3),"",IF(W47=1,VALUE(LEFT('Base Encuesta'!AG21,1)),"")) -> 5 | Z47: =IF(OR('Base Encuesta'!AH21="",IFERROR(VALUE(LEFT('Base Encuesta'!K21,1)),"")>=3),"",IF(W47=1,VALUE(LEFT('Base Encuesta'!AH21,1)),"")) -> 5 | AA47: =IF(OR('Base Encuesta'!AI21="",IFERROR(VALUE(LEFT('Base Encuesta'!K21,1)),"")>=3),"",IF(W47=1,VALUE(LEFT('Base Encuesta'!AI21,1)),"")) -> 5 | AB47: =IF(OR('Base Encuesta'!AJ21="",IFERROR(VALUE(LEFT('Base Encuesta'!K21,1)),"")>=3),"",IF(W47=1,VALUE(LEFT('Base Encuesta'!AJ21,1)),"")) -> 5 | AC47: =IF(OR('Base Encuesta'!AL21="",IFERROR(VALUE(LEFT('Base Encuesta'!K21,1)),"")>=3),"",VALUE(LEFT('Base Encuesta'!AL21,1))) -> 5 | AD47: =IF(OR('Base Encuesta'!AM21="",IFERROR(VALUE(LEFT('Base Encuesta'!K21,1)),"")>=3),"",VALUE(LEFT('Base Encuesta'!AM21,1))) -> 5 | AE47: =IF(OR('Base Encuesta'!AN21="",IFERROR(VALUE(LEFT('Base Encuesta'!K21,1)),"")>=3),"",VALUE(LEFT('Base Encuesta'!AN21,1))) -> 5 | AF47: =IF(OR('Base Encuesta'!AO21="",IFERROR(VALUE(LEFT('Base Encuesta'!K21,1)),"")>=3),"",VALUE(LEFT('Base Encuesta'!AO21,1))) -> 5 | AG47: =IF(OR('Base Encuesta'!AQ21="",IFERROR(VALUE(LEFT('Base Encuesta'!K21,1)),"")>=3),"",VALUE(LEFT('Base Encuesta'!AQ21,1))) -> 5 | AH47: =IF(OR('Base Encuesta'!AR21="",IFERROR(VALUE(LEFT('Base Encuesta'!K21,1)),"")>=3),"",VALUE(LEFT('Base Encuesta'!AR21,1))) -> 5
A48: =IF('Base Encuesta'!C22="","",'Base Encuesta'!C22) -> 31009 | B48: =IF('Base Encuesta'!D22="","",'Base Encuesta'!D22) -> Escuela Interdisciplinaria de Altos Estudios Sociales | C48: =IF('Base Encuesta'!E22="","",'Base Encuesta'!E22) -> MA-GN00209 | D48: =IF('Base Encuesta'!F22="","",'Base Encuesta'!F22) -> Laboratorio de Datos: webscraping y procesamiento de lenguaje natural | E48: =IF('Base Encuesta'!G22="","",'Base Encuesta'!G22) -> 82009 | F48: =IF('Base Encuesta'!H22="","",'Base Encuesta'!H22) -> Laboratorio de Datos tn Rosati | G48: =IF('Base Encuesta'!I22="","",'Base Encuesta'!I22) -> ROSATI GERMAN FEDERICO (6114) | H48: =IF('Base Encuesta'!J22="","",'Base Encuesta'!J22) -> Licenciatura en Sociología | I48: =IF('Base Encuesta'!K22="","",'Base Encuesta'!K22) -> 1-Finalicé la cursada (hayas aprobado o no) | J48: =IF(OR('Base Encuesta'!P22="",IFERROR(VALUE(LEFT('Base Encuesta'!K22,1)),"")>=3),"",PROPER(TRIM('Base Encuesta'!P22))) -> Rosati, Germán | K48: =IF(OR('Base Encuesta'!Q22="",IFERROR(VALUE(LEFT('Base Encuesta'!K22,1)),"")>=3),"",'Base Encuesta'!Q22) -> Nos aguantó 2 años | L48: =IF(OR('Base Encuesta'!R22="",IFERROR(VALUE(LEFT('Base Encuesta'!K22,1)),"")>=3),"",VALUE(LEFT('Base Encuesta'!R22,1))) -> 5 | M48: =IF(OR('Base Encuesta'!S22="",IFERROR(VALUE(LEFT('Base Encuesta'!K22,1)),"")>=3),"",VALUE(LEFT('Base Encuesta'!S22,1))) -> 5 | N48: =IF(OR('Base Encuesta'!T22="",IFERROR(VALUE(LEFT('Base Encuesta'!K22,1)),"")>=3),"",VALUE(LEFT('Base Encuesta'!T22,1))) -> 5 | O48: =IF(OR('Base Encuesta'!V22="",IFERROR(VALUE(LEFT('Base Encuesta'!K22,1)),"")>=3),"",VALUE(LEFT('Base Encuesta'!V22,1))) -> 5 | P48: =IF(OR('Base Encuesta'!W22="",IFERROR(VALUE(LEFT('Base Encuesta'!K22,1)),"")>=3),"",VALUE(LEFT('Base Encuesta'!W22,1))) -> 5 | Q48: =IF(OR('Base Encuesta'!X22="",IFERROR(VALUE(LEFT('Base Encuesta'!K22,1)),"")>=3),"",VALUE(LEFT('Base Encuesta'!X22,1))) -> 5 | R48: =IF(OR('Base Encuesta'!Y22="",IFERROR(VALUE(LEFT('Base Encuesta'!K22,1)),"")>=3),"",VALUE(LEFT('Base Encuesta'!Y22,1))) -> 5 | S48: =IF(OR('Base Encuesta'!Z22="",IFERROR(VALUE(LEFT('Base Encuesta'!K22,1)),"")>=3),"",VALUE(LEFT('Base Encuesta'!Z22,1))) -> 5 | T48: =IF(OR('Base Encuesta'!AA22="",IFERROR(VALUE(LEFT('Base Encuesta'!K22,1)),"")>=3),"",VALUE(LEFT('Base Encuesta'!AA22,1))) -> 5 | U48: =IF(OR('Base Encuesta'!AB22="",IFERROR(VALUE(LEFT('Base Encuesta'!K22,1)),"")>=3),"",VALUE(LEFT('Base Encuesta'!AB22,1))) -> 5 | V48: =IF(OR('Base Encuesta'!AC22="",IFERROR(VALUE(LEFT('Base Encuesta'!K22,1)),"")>=3),"",VALUE(LEFT('Base Encuesta'!AC22,1))) -> 5 | W48: =IF(OR('Base Encuesta'!AE22="",IFERROR(VALUE(LEFT('Base Encuesta'!K22,1)),"")>=3),"",VALUE(LEFT('Base Encuesta'!AE22,1))) -> 1 | X48: =IF(OR('Base Encuesta'!AF22="",IFERROR(VALUE(LEFT('Base Encuesta'!K22,1)),"")>=3),"",IF(W48=1,VALUE(LEFT('Base Encuesta'!AF22,1)),"")) -> 5 | Y48: =IF(OR('Base Encuesta'!AG22="",IFERROR(VALUE(LEFT('Base Encuesta'!K22,1)),"")>=3),"",IF(W48=1,VALUE(LEFT('Base Encuesta'!AG22,1)),"")) -> 5 | Z48: =IF(OR('Base Encuesta'!AH22="",IFERROR(VALUE(LEFT('Base Encuesta'!K22,1)),"")>=3),"",IF(W48=1,VALUE(LEFT('Base Encuesta'!AH22,1)),"")) -> 5 | AA48: =IF(OR('Base Encuesta'!AI22="",IFERROR(VALUE(LEFT('Base Encuesta'!K22,1)),"")>=3),"",IF(W48=1,VALUE(LEFT('Base Encuesta'!AI22,1)),"")) -> 5 | AB48: =IF(OR('Base Encuesta'!AJ22="",IFERROR(VALUE(LEFT('Base Encuesta'!K22,1)),"")>=3),"",IF(W48=1,VALUE(LEFT('Base Encuesta'!AJ22,1)),"")) -> 5 | AC48: =IF(OR('Base Encuesta'!AL22="",IFERROR(VALUE(LEFT('Base Encuesta'!K22,1)),"")>=3),"",VALUE(LEFT('Base Encuesta'!AL22,1))) -> 5 | AD48: =IF(OR('Base Encuesta'!AM22="",IFERROR(VALUE(LEFT('Base Encuesta'!K22,1)),"")>=3),"",VALUE(LEFT('Base Encuesta'!AM22,1))) -> 5 | AE48: =IF(OR('Base Encuesta'!AN22="",IFERROR(VALUE(LEFT('Base Encuesta'!K22,1)),"")>=3),"",VALUE(LEFT('Base Encuesta'!AN22,1))) -> 5 | AF48: =IF(OR('Base Encuesta'!AO22="",IFERROR(VALUE(LEFT('Base Encuesta'!K22,1)),"")>=3),"",VALUE(LEFT('Base Encuesta'!AO22,1))) -> 5 | AG48: =IF(OR('Base Encuesta'!AQ22="",IFERROR(VALUE(LEFT('Base Encuesta'!K22,1)),"")>=3),"",VALUE(LEFT('Base Encuesta'!AQ22,1))) -> 5 | AH48: =IF(OR('Base Encuesta'!AR22="",IFERROR(VALUE(LEFT('Base Encuesta'!K22,1)),"")>=3),"",VALUE(LEFT('Base Encuesta'!AR22,1))) -> 5
A49: =IF('Base Encuesta'!C23="","",'Base Encuesta'!C23) -> 31010 | B49: =IF('Base Encuesta'!D23="","",'Base Encuesta'!D23) -> Escuela Interdisciplinaria de Altos Estudios Sociales | C49: =IF('Base Encuesta'!E23="","",'Base Encuesta'!E23) -> MA-GN00209 | D49: =IF('Base Encuesta'!F23="","",'Base Encuesta'!F23) -> Laboratorio de Datos: webscraping y procesamiento de lenguaje natural | E49: =IF('Base Encuesta'!G23="","",'Base Encuesta'!G23) -> 82009 | F49: =IF('Base Encuesta'!H23="","",'Base Encuesta'!H23) -> Laboratorio de Datos tn Rosati | G49: =IF('Base Encuesta'!I23="","",'Base Encuesta'!I23) -> ROSATI GERMAN FEDERICO (6114) | H49: =IF('Base Encuesta'!J23="","",'Base Encuesta'!J23) -> Licenciatura en Sociología | I49: =IF('Base Encuesta'!K23="","",'Base Encuesta'!K23) -> 1-Finalicé la cursada (hayas aprobado o no) | J49: =IF(OR('Base Encuesta'!P23="",IFERROR(VALUE(LEFT('Base Encuesta'!K23,1)),"")>=3),"",PROPER(TRIM('Base Encuesta'!P23))) -> German Rosati | K49: =IF(OR('Base Encuesta'!Q23="",IFERROR(VALUE(LEFT('Base Encuesta'!K23,1)),"")>=3),"",'Base Encuesta'!Q23) -> muy buen docente | L49: =IF(OR('Base Encuesta'!R23="",IFERROR(VALUE(LEFT('Base Encuesta'!K23,1)),"")>=3),"",VALUE(LEFT('Base Encuesta'!R23,1))) -> 5 | M49: =IF(OR('Base Encuesta'!S23="",IFERROR(VALUE(LEFT('Base Encuesta'!K23,1)),"")>=3),"",VALUE(LEFT('Base Encuesta'!S23,1))) -> 5 | N49: =IF(OR('Base Encuesta'!T23="",IFERROR(VALUE(LEFT('Base Encuesta'!K23,1)),"")>=3),"",VALUE(LEFT('Base Encuesta'!T23,1))) -> 5 | O49: =IF(OR('Base Encuesta'!V23="",IFERROR(VALUE(LEFT('Base Encuesta'!K23,1)),"")>=3),"",VALUE(LEFT('Base Encuesta'!V23,1))) -> 1 | P49: =IF(OR('Base Encuesta'!W23="",IFERROR(VALUE(LEFT('Base Encuesta'!K23,1)),"")>=3),"",VALUE(LEFT('Base Encuesta'!W23,1))) -> 5 | Q49: =IF(OR('Base Encuesta'!X23="",IFERROR(VALUE(LEFT('Base Encuesta'!K23,1)),"")>=3),"",VALUE(LEFT('Base Encuesta'!X23,1))) -> 5 | R49: =IF(OR('Base Encuesta'!Y23="",IFERROR(VALUE(LEFT('Base Encuesta'!K23,1)),"")>=3),"",VALUE(LEFT('Base Encuesta'!Y23,1))) -> 5 | S49: =IF(OR('Base Encuesta'!Z23="",IFERROR(VALUE(LEFT('Base Encuesta'!K23,1)),"")>=3),"",VALUE(LEFT('Base Encuesta'!Z23,1))) -> 5 | T49: =IF(OR('Base Encuesta'!AA23="",IFERROR(VALUE(LEFT('Base Encuesta'!K23,1)),"")>=3),"",VALUE(LEFT('Base Encuesta'!AA23,1))) -> 5 | U49: =IF(OR('Base Encuesta'!AB23="",IFERROR(VALUE(LEFT('Base Encuesta'!K23,1)),"")>=3),"",VALUE(LEFT('Base Encuesta'!AB23,1))) -> 5 | V49: =IF(OR('Base Encuesta'!AC23="",IFERROR(VALUE(LEFT('Base Encuesta'!K23,1)),"")>=3),"",VALUE(LEFT('Base Encuesta'!AC23,1))) -> 5 | W49: =IF(OR('Base Encuesta'!AE23="",IFERROR(VALUE(LEFT('Base Encuesta'!K23,1)),"")>=3),"",VALUE(LEFT('Base Encuesta'!AE23,1))) -> 1 | X49: =IF(OR('Base Encuesta'!AF23="",IFERROR(VALUE(LEFT('Base Encuesta'!K23,1)),"")>=3),"",IF(W49=1,VALUE(LEFT('Base Encuesta'!AF23,1)),"")) -> 5 | Y49: =IF(OR('Base Encuesta'!AG23="",IFERROR(VALUE(LEFT('Base Encuesta'!K23,1)),"")>=3),"",IF(W49=1,VALUE(LEFT('Base Encuesta'!AG23,1)),"")) -> 5 | Z49: =IF(OR('Base Encuesta'!AH23="",IFERROR(VALUE(LEFT('Base Encuesta'!K23,1)),"")>=3),"",IF(W49=1,VALUE(LEFT('Base Encuesta'!AH23,1)),"")) -> 5 | AA49: =IF(OR('Base Encuesta'!AI23="",IFERROR(VALUE(LEFT('Base Encuesta'!K23,1)),"")>=3),"",IF(W49=1,VALUE(LEFT('Base Encuesta'!AI23,1)),"")) -> 5 | AB49: =IF(OR('Base Encuesta'!AJ23="",IFERROR(VALUE(LEFT('Base Encuesta'!K23,1)),"")>=3),"",IF(W49=1,VALUE(LEFT('Base Encuesta'!AJ23,1)),"")) -> 5 | AC49: =IF(OR('Base Encuesta'!AL23="",IFERROR(VALUE(LEFT('Base Encuesta'!K23,1)),"")>=3),"",VALUE(LEFT('Base Encuesta'!AL23,1))) -> 5 | AD49: =IF(OR('Base Encuesta'!AM23="",IFERROR(VALUE(LEFT('Base Encuesta'!K23,1)),"")>=3),"",VALUE(LEFT('Base Encuesta'!AM23,1))) -> 5 | AE49: =IF(OR('Base Encuesta'!AN23="",IFERROR(VALUE(LEFT('Base Encuesta'!K23,1)),"")>=3),"",VALUE(LEFT('Base Encuesta'!AN23,1))) -> 5 | AF49: =IF(OR('Base Encuesta'!AO23="",IFERROR(VALUE(LEFT('Base Encuesta'!K23,1)),"")>=3),"",VALUE(LEFT('Base Encuesta'!AO23,1))) -> 5 | AG49: =IF(OR('Base Encuesta'!AQ23="",IFERROR(VALUE(LEFT('Base Encuesta'!K23,1)),"")>=3),"",VALUE(LEFT('Base Encuesta'!AQ23,1))) -> 4 | AH49: =IF(OR('Base Encuesta'!AR23="",IFERROR(VALUE(LEFT('Base Encuesta'!K23,1)),"")>=3),"",VALUE(LEFT('Base Encuesta'!AR23,1))) -> 5
A50: =IF('Base Encuesta'!C24="","",'Base Encuesta'!C24) -> 31011 | B50: =IF('Base Encuesta'!D24="","",'Base Encuesta'!D24) -> Escuela Interdisciplinaria de Altos Estudios Sociales | C50: =IF('Base Encuesta'!E24="","",'Base Encuesta'!E24) -> MA-GN00209 | D50: =IF('Base Encuesta'!F24="","",'Base Encuesta'!F24) -> Laboratorio de Datos: webscraping y procesamiento de lenguaje natural | E50: =IF('Base Encuesta'!G24="","",'Base Encuesta'!G24) -> 82009 | F50: =IF('Base Encuesta'!H24="","",'Base Encuesta'!H24) -> Laboratorio de Datos tn Rosati | G50: =IF('Base Encuesta'!I24="","",'Base Encuesta'!I24) -> ROSATI GERMAN FEDERICO (6114) | H50: =IF('Base Encuesta'!J24="","",'Base Encuesta'!J24) -> Licenciatura en Trabajo Social | I50: =IF('Base Encuesta'!K24="","",'Base Encuesta'!K24) -> 4-La materia no se dictó | J50: =IF(OR('Base Encuesta'!P24="",IFERROR(VALUE(LEFT('Base Encuesta'!K24,1)),"")>=3),"",PROPER(TRIM('Base Encuesta'!P24))) | K50: =IF(OR('Base Encuesta'!Q24="",IFERROR(VALUE(LEFT('Base Encuesta'!K24,1)),"")>=3),"",'Base Encuesta'!Q24) | L50: =IF(OR('Base Encuesta'!R24="",IFERROR(VALUE(LEFT('Base Encuesta'!K24,1)),"")>=3),"",VALUE(LEFT('Base Encuesta'!R24,1))) | M50: =IF(OR('Base Encuesta'!S24="",IFERROR(VALUE(LEFT('Base Encuesta'!K24,1)),"")>=3),"",VALUE(LEFT('Base Encuesta'!S24,1))) | N50: =IF(OR('Base Encuesta'!T24="",IFERROR(VALUE(LEFT('Base Encuesta'!K24,1)),"")>=3),"",VALUE(LEFT('Base Encuesta'!T24,1))) | O50: =IF(OR('Base Encuesta'!V24="",IFERROR(VALUE(LEFT('Base Encuesta'!K24,1)),"")>=3),"",VALUE(LEFT('Base Encuesta'!V24,1))) | P50: =IF(OR('Base Encuesta'!W24="",IFERROR(VALUE(LEFT('Base Encuesta'!K24,1)),"")>=3),"",VALUE(LEFT('Base Encuesta'!W24,1))) | Q50: =IF(OR('Base Encuesta'!X24="",IFERROR(VALUE(LEFT('Base Encuesta'!K24,1)),"")>=3),"",VALUE(LEFT('Base Encuesta'!X24,1))) | R50: =IF(OR('Base Encuesta'!Y24="",IFERROR(VALUE(LEFT('Base Encuesta'!K24,1)),"")>=3),"",VALUE(LEFT('Base Encuesta'!Y24,1))) | S50: =IF(OR('Base Encuesta'!Z24="",IFERROR(VALUE(LEFT('Base Encuesta'!K24,1)),"")>=3),"",VALUE(LEFT('Base Encuesta'!Z24,1))) | T50: =IF(OR('Base Encuesta'!AA24="",IFERROR(VALUE(LEFT('Base Encuesta'!K24,1)),"")>=3),"",VALUE(LEFT('Base Encuesta'!AA24,1))) | U50: =IF(OR('Base Encuesta'!AB24="",IFERROR(VALUE(LEFT('Base Encuesta'!K24,1)),"")>=3),"",VALUE(LEFT('Base Encuesta'!AB24,1))) | V50: =IF(OR('Base Encuesta'!AC24="",IFERROR(VALUE(LEFT('Base Encuesta'!K24,1)),"")>=3),"",VALUE(LEFT('Base Encuesta'!AC24,1))) | W50: =IF(OR('Base Encuesta'!AE24="",IFERROR(VALUE(LEFT('Base Encuesta'!K24,1)),"")>=3),"",VALUE(LEFT('Base Encuesta'!AE24,1))) | X50: =IF(OR('Base Encuesta'!AF24="",IFERROR(VALUE(LEFT('Base Encuesta'!K24,1)),"")>=3),"",IF(W50=1,VALUE(LEFT('Base Encuesta'!AF24,1)),"")) | Y50: =IF(OR('Base Encuesta'!AG24="",IFERROR(VALUE(LEFT('Base Encuesta'!K24,1)),"")>=3),"",IF(W50=1,VALUE(LEFT('Base Encuesta'!AG24,1)),"")) | Z50: =IF(OR('Base Encuesta'!AH24="",IFERROR(VALUE(LEFT('Base Encuesta'!K24,1)),"")>=3),"",IF(W50=1,VALUE(LEFT('Base Encuesta'!AH24,1)),"")) | AA50: =IF(OR('Base Encuesta'!AI24="",IFERROR(VALUE(LEFT('Base Encuesta'!K24,1)),"")>=3),"",IF(W50=1,VALUE(LEFT('Base Encuesta'!AI24,1)),"")) | AB50: =IF(OR('Base Encuesta'!AJ24="",IFERROR(VALUE(LEFT('Base Encuesta'!K24,1)),"")>=3),"",IF(W50=1,VALUE(LEFT('Base Encuesta'!AJ24,1)),"")) | AC50: =IF(OR('Base Encuesta'!AL24="",IFERROR(VALUE(LEFT('Base Encuesta'!K24,1)),"")>=3),"",VALUE(LEFT('Base Encuesta'!AL24,1))) | AD50: =IF(OR('Base Encuesta'!AM24="",IFERROR(VALUE(LEFT('Base Encuesta'!K24,1)),"")>=3),"",VALUE(LEFT('Base Encuesta'!AM24,1))) | AE50: =IF(OR('Base Encuesta'!AN24="",IFERROR(VALUE(LEFT('Base Encuesta'!K24,1)),"")>=3),"",VALUE(LEFT('Base Encuesta'!AN24,1))) | AF50: =IF(OR('Base Encuesta'!AO24="",IFERROR(VALUE(LEFT('Base Encuesta'!K24,1)),"")>=3),"",VALUE(LEFT('Base Encuesta'!AO24,1))) | AG50: =IF(OR('Base Encuesta'!AQ24="",IFERROR(VALUE(LEFT('Base Encuesta'!K24,1)),"")>=3),"",VALUE(LEFT('Base Encuesta'!AQ24,1))) | AH50: =IF(OR('Base Encuesta'!AR24="",IFERROR(VALUE(LEFT('Base Encuesta'!K24,1)),"")>=3),"",VALUE(LEFT('Base Encuesta'!AR24,1)))
A51: =IF('Base Encuesta'!C25="","",'Base Encuesta'!C25) -> 31012 | B51: =IF('Base Encuesta'!D25="","",'Base Encuesta'!D25) -> Escuela Interdisciplinaria de Altos Estudios Sociales | C51: =IF('Base Encuesta'!E25="","",'Base Encuesta'!E25) -> MA-GN00209 | D51: =IF('Base Encuesta'!F25="","",'Base Encuesta'!F25) -> Laboratorio de Datos: webscraping y procesamiento de lenguaje natural | E51: =IF('Base Encuesta'!G25="","",'Base Encuesta'!G25) -> 82009 | F51: =IF('Base Encuesta'!H25="","",'Base Encuesta'!H25) -> Laboratorio de Datos tn Rosati | G51: =IF('Base Encuesta'!I25="","",'Base Encuesta'!I25) -> ROSATI GERMAN FEDERICO (6114) | H51: =IF('Base Encuesta'!J25="","",'Base Encuesta'!J25) -> Licenciatura en Sociología | I51: =IF('Base Encuesta'!K25="","",'Base Encuesta'!K25) -> 1-Finalicé la cursada (hayas aprobado o no) | J51: =IF(OR('Base Encuesta'!P25="",IFERROR(VALUE(LEFT('Base Encuesta'!K25,1)),"")>=3),"",PROPER(TRIM('Base Encuesta'!P25))) -> German Rosati | K51: =IF(OR('Base Encuesta'!Q25="",IFERROR(VALUE(LEFT('Base Encuesta'!K25,1)),"")>=3),"",'Base Encuesta'!Q25) -> Excelente | L51: =IF(OR('Base Encuesta'!R25="",IFERROR(VALUE(LEFT('Base Encuesta'!K25,1)),"")>=3),"",VALUE(LEFT('Base Encuesta'!R25,1))) -> 5 | M51: =IF(OR('Base Encuesta'!S25="",IFERROR(VALUE(LEFT('Base Encuesta'!K25,1)),"")>=3),"",VALUE(LEFT('Base Encuesta'!S25,1))) -> 5 | N51: =IF(OR('Base Encuesta'!T25="",IFERROR(VALUE(LEFT('Base Encuesta'!K25,1)),"")>=3),"",VALUE(LEFT('Base Encuesta'!T25,1))) -> 5 | O51: =IF(OR('Base Encuesta'!V25="",IFERROR(VALUE(LEFT('Base Encuesta'!K25,1)),"")>=3),"",VALUE(LEFT('Base Encuesta'!V25,1))) -> 5 | P51: =IF(OR('Base Encuesta'!W25="",IFERROR(VALUE(LEFT('Base Encuesta'!K25,1)),"")>=3),"",VALUE(LEFT('Base Encuesta'!W25,1))) -> 5 | Q51: =IF(OR('Base Encuesta'!X25="",IFERROR(VALUE(LEFT('Base Encuesta'!K25,1)),"")>=3),"",VALUE(LEFT('Base Encuesta'!X25,1))) -> 5 | R51: =IF(OR('Base Encuesta'!Y25="",IFERROR(VALUE(LEFT('Base Encuesta'!K25,1)),"")>=3),"",VALUE(LEFT('Base Encuesta'!Y25,1))) -> 5 | S51: =IF(OR('Base Encuesta'!Z25="",IFERROR(VALUE(LEFT('Base Encuesta'!K25,1)),"")>=3),"",VALUE(LEFT('Base Encuesta'!Z25,1))) -> 5 | T51: =IF(OR('Base Encuesta'!AA25="",IFERROR(VALUE(LEFT('Base Encuesta'!K25,1)),"")>=3),"",VALUE(LEFT('Base Encuesta'!AA25,1))) -> 5 | U51: =IF(OR('Base Encuesta'!AB25="",IFERROR(VALUE(LEFT('Base Encuesta'!K25,1)),"")>=3),"",VALUE(LEFT('Base Encuesta'!AB25,1))) -> 5 | V51: =IF(OR('Base Encuesta'!AC25="",IFERROR(VALUE(LEFT('Base Encuesta'!K25,1)),"")>=3),"",VALUE(LEFT('Base Encuesta'!AC25,1))) -> 5 | W51: =IF(OR('Base Encuesta'!AE25="",IFERROR(VALUE(LEFT('Base Encuesta'!K25,1)),"")>=3),"",VALUE(LEFT('Base Encuesta'!AE25,1))) -> 1 | X51: =IF(OR('Base Encuesta'!AF25="",IFERROR(VALUE(LEFT('Base Encuesta'!K25,1)),"")>=3),"",IF(W51=1,VALUE(LEFT('Base Encuesta'!AF25,1)),"")) -> 5 | Y51: =IF(OR('Base Encuesta'!AG25="",IFERROR(VALUE(LEFT('Base Encuesta'!K25,1)),"")>=3),"",IF(W51=1,VALUE(LEFT('Base Encuesta'!AG25,1)),"")) -> 5 | Z51: =IF(OR('Base Encuesta'!AH25="",IFERROR(VALUE(LEFT('Base Encuesta'!K25,1)),"")>=3),"",IF(W51=1,VALUE(LEFT('Base Encuesta'!AH25,1)),"")) -> 5 | AA51: =IF(OR('Base Encuesta'!AI25="",IFERROR(VALUE(LEFT('Base Encuesta'!K25,1)),"")>=3),"",IF(W51=1,VALUE(LEFT('Base Encuesta'!AI25,1)),"")) -> 5 | AB51: =IF(OR('Base Encuesta'!AJ25="",IFERROR(VALUE(LEFT('Base Encuesta'!K25,1)),"")>=3),"",IF(W51=1,VALUE(LEFT('Base Encuesta'!AJ25,1)),"")) -> 5 | AC51: =IF(OR('Base Encuesta'!AL25="",IFERROR(VALUE(LEFT('Base Encuesta'!K25,1)),"")>=3),"",VALUE(LEFT('Base Encuesta'!AL25,1))) -> 5 | AD51: =IF(OR('Base Encuesta'!AM25="",IFERROR(VALUE(LEFT('Base Encuesta'!K25,1)),"")>=3),"",VALUE(LEFT('Base Encuesta'!AM25,1))) -> 5 | AE51: =IF(OR('Base Encuesta'!AN25="",IFERROR(VALUE(LEFT('Base Encuesta'!K25,1)),"")>=3),"",VALUE(LEFT('Base Encuesta'!AN25,1))) -> 5 | AF51: =IF(OR('Base Encuesta'!AO25="",IFERROR(VALUE(LEFT('Base Encuesta'!K25,1)),"")>=3),"",VALUE(LEFT('Base Encuesta'!AO25,1))) -> 5 | AG51: =IF(OR('Base Encuesta'!AQ25="",IFERROR(VALUE(LEFT('Base Encuesta'!K25,1)),"")>=3),"",VALUE(LEFT('Base Encuesta'!AQ25,1))) -> 5 | AH51: =IF(OR('Base Encuesta'!AR25="",IFERROR(VALUE(LEFT('Base Encuesta'!K25,1)),"")>=3),"",VALUE(LEFT('Base Encuesta'!AR25,1))) -> 5
A52: =IF('Base Encuesta'!C26="","",'Base Encuesta'!C26) -> 31013 | B52: =IF('Base Encuesta'!D26="","",'Base Encuesta'!D26) -> Escuela Interdisciplinaria de Altos Estudios Sociales | C52: =IF('Base Encuesta'!E26="","",'Base Encuesta'!E26) -> MA-GN00209 | D52: =IF('Base Encuesta'!F26="","",'Base Encuesta'!F26) -> Laboratorio de Datos: webscraping y procesamiento de lenguaje natural | E52: =IF('Base Encuesta'!G26="","",'Base Encuesta'!G26) -> 82009 | F52: =IF('Base Encuesta'!H26="","",'Base Encuesta'!H26) -> Laboratorio de Datos tn Rosati | G52: =IF('Base Encuesta'!I26="","",'Base Encuesta'!I26) -> ROSATI GERMAN FEDERICO (6114) | H52: =IF('Base Encuesta'!J26="","",'Base Encuesta'!J26) -> Licenciatura en Sociología | I52: =IF('Base Encuesta'!K26="","",'Base Encuesta'!K26) -> 1-Finalicé la cursada (hayas aprobado o no) | J52: =IF(OR('Base Encuesta'!P26="",IFERROR(VALUE(LEFT('Base Encuesta'!K26,1)),"")>=3),"",PROPER(TRIM('Base Encuesta'!P26))) -> Germán Rosatti | K52: =IF(OR('Base Encuesta'!Q26="",IFERROR(VALUE(LEFT('Base Encuesta'!K26,1)),"")>=3),"",'Base Encuesta'!Q26) -> Excelente docente siempre puntual, cumplió con todos los puntos del programa, siempre dispuesto a explicar la cantidad de veces necesarias para que podamos entender. | L52: =IF(OR('Base Encuesta'!R26="",IFERROR(VALUE(LEFT('Base Encuesta'!K26,1)),"")>=3),"",VALUE(LEFT('Base Encuesta'!R26,1))) -> 5 | M52: =IF(OR('Base Encuesta'!S26="",IFERROR(VALUE(LEFT('Base Encuesta'!K26,1)),"")>=3),"",VALUE(LEFT('Base Encuesta'!S26,1))) -> 5 | N52: =IF(OR('Base Encuesta'!T26="",IFERROR(VALUE(LEFT('Base Encuesta'!K26,1)),"")>=3),"",VALUE(LEFT('Base Encuesta'!T26,1))) -> 5 | O52: =IF(OR('Base Encuesta'!V26="",IFERROR(VALUE(LEFT('Base Encuesta'!K26,1)),"")>=3),"",VALUE(LEFT('Base Encuesta'!V26,1))) -> 1 | P52: =IF(OR('Base Encuesta'!W26="",IFERROR(VALUE(LEFT('Base Encuesta'!K26,1)),"")>=3),"",VALUE(LEFT('Base Encuesta'!W26,1))) -> 5 | Q52: =IF(OR('Base Encuesta'!X26="",IFERROR(VALUE(LEFT('Base Encuesta'!K26,1)),"")>=3),"",VALUE(LEFT('Base Encuesta'!X26,1))) -> 5 | R52: =IF(OR('Base Encuesta'!Y26="",IFERROR(VALUE(LEFT('Base Encuesta'!K26,1)),"")>=3),"",VALUE(LEFT('Base Encuesta'!Y26,1))) -> 5 | S52: =IF(OR('Base Encuesta'!Z26="",IFERROR(VALUE(LEFT('Base Encuesta'!K26,1)),"")>=3),"",VALUE(LEFT('Base Encuesta'!Z26,1))) -> 5 | T52: =IF(OR('Base Encuesta'!AA26="",IFERROR(VALUE(LEFT('Base Encuesta'!K26,1)),"")>=3),"",VALUE(LEFT('Base Encuesta'!AA26,1))) -> 5 | U52: =IF(OR('Base Encuesta'!AB26="",IFERROR(VALUE(LEFT('Base Encuesta'!K26,1)),"")>=3),"",VALUE(LEFT('Base Encuesta'!AB26,1))) -> 5 | V52: =IF(OR('Base Encuesta'!AC26="",IFERROR(VALUE(LEFT('Base Encuesta'!K26,1)),"")>=3),"",VALUE(LEFT('Base Encuesta'!AC26,1))) -> 5 | W52: =IF(OR('Base Encuesta'!AE26="",IFERROR(VALUE(LEFT('Base Encuesta'!K26,1)),"")>=3),"",VALUE(LEFT('Base Encuesta'!AE26,1))) -> 1 | X52: =IF(OR('Base Encuesta'!AF26="",IFERROR(VALUE(LEFT('Base Encuesta'!K26,1)),"")>=3),"",IF(W52=1,VALUE(LEFT('Base Encuesta'!AF26,1)),"")) -> 5 | Y52: =IF(OR('Base Encuesta'!AG26="",IFERROR(VALUE(LEFT('Base Encuesta'!K26,1)),"")>=3),"",IF(W52=1,VALUE(LEFT('Base Encuesta'!AG26,1)),"")) -> 5 | Z52: =IF(OR('Base Encuesta'!AH26="",IFERROR(VALUE(LEFT('Base Encuesta'!K26,1)),"")>=3),"",IF(W52=1,VALUE(LEFT('Base Encuesta'!AH26,1)),"")) -> 5 | AA52: =IF(OR('Base Encuesta'!AI26="",IFERROR(VALUE(LEFT('Base Encuesta'!K26,1)),"")>=3),"",IF(W52=1,VALUE(LEFT('Base Encuesta'!AI26,1)),"")) -> 5 | AB52: =IF(OR('Base Encuesta'!AJ26="",IFERROR(VALUE(LEFT('Base Encuesta'!K26,1)),"")>=3),"",IF(W52=1,VALUE(LEFT('Base Encuesta'!AJ26,1)),"")) -> 5 | AC52: =IF(OR('Base Encuesta'!AL26="",IFERROR(VALUE(LEFT('Base Encuesta'!K26,1)),"")>=3),"",VALUE(LEFT('Base Encuesta'!AL26,1))) -> 5 | AD52: =IF(OR('Base Encuesta'!AM26="",IFERROR(VALUE(LEFT('Base Encuesta'!K26,1)),"")>=3),"",VALUE(LEFT('Base Encuesta'!AM26,1))) -> 5 | AE52: =IF(OR('Base Encuesta'!AN26="",IFERROR(VALUE(LEFT('Base Encuesta'!K26,1)),"")>=3),"",VALUE(LEFT('Base Encuesta'!AN26,1))) -> 5 | AF52: =IF(OR('Base Encuesta'!AO26="",IFERROR(VALUE(LEFT('Base Encuesta'!K26,1)),"")>=3),"",VALUE(LEFT('Base Encuesta'!AO26,1))) -> 5 | AG52: =IF(OR('Base Encuesta'!AQ26="",IFERROR(VALUE(LEFT('Base Encuesta'!K26,1)),"")>=3),"",VALUE(LEFT('Base Encuesta'!AQ26,1))) -> 4 | AH52: =IF(OR('Base Encuesta'!AR26="",IFERROR(VALUE(LEFT('Base Encuesta'!K26,1)),"")>=3),"",VALUE(LEFT('Base Encuesta'!AR26,1))) -> 5
A53: =IF('Base Encuesta'!C27="","",'Base Encuesta'!C27) -> 31014 | B53: =IF('Base Encuesta'!D27="","",'Base Encuesta'!D27) -> Escuela Interdisciplinaria de Altos Estudios Sociales | C53: =IF('Base Encuesta'!E27="","",'Base Encuesta'!E27) -> MA-GN00209 | D53: =IF('Base Encuesta'!F27="","",'Base Encuesta'!F27) -> Laboratorio de Datos: webscraping y procesamiento de lenguaje natural | E53: =IF('Base Encuesta'!G27="","",'Base Encuesta'!G27) -> 82009 | F53: =IF('Base Encuesta'!H27="","",'Base Encuesta'!H27) -> Laboratorio de Datos tn Rosati | G53: =IF('Base Encuesta'!I27="","",'Base Encuesta'!I27) -> ROSATI GERMAN FEDERICO (6114) | H53: =IF('Base Encuesta'!J27="","",'Base Encuesta'!J27) -> Licenciatura en Sociología | I53: =IF('Base Encuesta'!K27="","",'Base Encuesta'!K27) -> 1-Finalicé la cursada (hayas aprobado o no) | J53: =IF(OR('Base Encuesta'!P27="",IFERROR(VALUE(LEFT('Base Encuesta'!K27,1)),"")>=3),"",PROPER(TRIM('Base Encuesta'!P27))) -> German Rosati | K53: =IF(OR('Base Encuesta'!Q27="",IFERROR(VALUE(LEFT('Base Encuesta'!K27,1)),"")>=3),"",'Base Encuesta'!Q27) -> de 10 | L53: =IF(OR('Base Encuesta'!R27="",IFERROR(VALUE(LEFT('Base Encuesta'!K27,1)),"")>=3),"",VALUE(LEFT('Base Encuesta'!R27,1))) -> 5 | M53: =IF(OR('Base Encuesta'!S27="",IFERROR(VALUE(LEFT('Base Encuesta'!K27,1)),"")>=3),"",VALUE(LEFT('Base Encuesta'!S27,1))) -> 5 | N53: =IF(OR('Base Encuesta'!T27="",IFERROR(VALUE(LEFT('Base Encuesta'!K27,1)),"")>=3),"",VALUE(LEFT('Base Encuesta'!T27,1))) -> 5 | O53: =IF(OR('Base Encuesta'!V27="",IFERROR(VALUE(LEFT('Base Encuesta'!K27,1)),"")>=3),"",VALUE(LEFT('Base Encuesta'!V27,1))) -> 1 | P53: =IF(OR('Base Encuesta'!W27="",IFERROR(VALUE(LEFT('Base Encuesta'!K27,1)),"")>=3),"",VALUE(LEFT('Base Encuesta'!W27,1))) -> 5 | Q53: =IF(OR('Base Encuesta'!X27="",IFERROR(VALUE(LEFT('Base Encuesta'!K27,1)),"")>=3),"",VALUE(LEFT('Base Encuesta'!X27,1))) -> 5 | R53: =IF(OR('Base Encuesta'!Y27="",IFERROR(VALUE(LEFT('Base Encuesta'!K27,1)),"")>=3),"",VALUE(LEFT('Base Encuesta'!Y27,1))) -> 5 | S53: =IF(OR('Base Encuesta'!Z27="",IFERROR(VALUE(LEFT('Base Encuesta'!K27,1)),"")>=3),"",VALUE(LEFT('Base Encuesta'!Z27,1))) -> 5 | T53: =IF(OR('Base Encuesta'!AA27="",IFERROR(VALUE(LEFT('Base Encuesta'!K27,1)),"")>=3),"",VALUE(LEFT('Base Encuesta'!AA27,1))) -> 5 | U53: =IF(OR('Base Encuesta'!AB27="",IFERROR(VALUE(LEFT('Base Encuesta'!K27,1)),"")>=3),"",VALUE(LEFT('Base Encuesta'!AB27,1))) -> 5 | V53: =IF(OR('Base Encuesta'!AC27="",IFERROR(VALUE(LEFT('Base Encuesta'!K27,1)),"")>=3),"",VALUE(LEFT('Base Encuesta'!AC27,1))) -> 5 | W53: =IF(OR('Base Encuesta'!AE27="",IFERROR(VALUE(LEFT('Base Encuesta'!K27,1)),"")>=3),"",VALUE(LEFT('Base Encuesta'!AE27,1))) -> 1 | X53: =IF(OR('Base Encuesta'!AF27="",IFERROR(VALUE(LEFT('Base Encuesta'!K27,1)),"")>=3),"",IF(W53=1,VALUE(LEFT('Base Encuesta'!AF27,1)),"")) -> 5 | Y53: =IF(OR('Base Encuesta'!AG27="",IFERROR(VALUE(LEFT('Base Encuesta'!K27,1)),"")>=3),"",IF(W53=1,VALUE(LEFT('Base Encuesta'!AG27,1)),"")) -> 5 | Z53: =IF(OR('Base Encuesta'!AH27="",IFERROR(VALUE(LEFT('Base Encuesta'!K27,1)),"")>=3),"",IF(W53=1,VALUE(LEFT('Base Encuesta'!AH27,1)),"")) -> 5 | AA53: =IF(OR('Base Encuesta'!AI27="",IFERROR(VALUE(LEFT('Base Encuesta'!K27,1)),"")>=3),"",IF(W53=1,VALUE(LEFT('Base Encuesta'!AI27,1)),"")) -> 5 | AB53: =IF(OR('Base Encuesta'!AJ27="",IFERROR(VALUE(LEFT('Base Encuesta'!K27,1)),"")>=3),"",IF(W53=1,VALUE(LEFT('Base Encuesta'!AJ27,1)),"")) -> 5 | AC53: =IF(OR('Base Encuesta'!AL27="",IFERROR(VALUE(LEFT('Base Encuesta'!K27,1)),"")>=3),"",VALUE(LEFT('Base Encuesta'!AL27,1))) -> 5 | AD53: =IF(OR('Base Encuesta'!AM27="",IFERROR(VALUE(LEFT('Base Encuesta'!K27,1)),"")>=3),"",VALUE(LEFT('Base Encuesta'!AM27,1))) -> 5 | AE53: =IF(OR('Base Encuesta'!AN27="",IFERROR(VALUE(LEFT('Base Encuesta'!K27,1)),"")>=3),"",VALUE(LEFT('Base Encuesta'!AN27,1))) -> 5 | AF53: =IF(OR('Base Encuesta'!AO27="",IFERROR(VALUE(LEFT('Base Encuesta'!K27,1)),"")>=3),"",VALUE(LEFT('Base Encuesta'!AO27,1))) -> 5 | AG53: =IF(OR('Base Encuesta'!AQ27="",IFERROR(VALUE(LEFT('Base Encuesta'!K27,1)),"")>=3),"",VALUE(LEFT('Base Encuesta'!AQ27,1))) -> 5 | AH53: =IF(OR('Base Encuesta'!AR27="",IFERROR(VALUE(LEFT('Base Encuesta'!K27,1)),"")>=3),"",VALUE(LEFT('Base Encuesta'!AR27,1))) -> 5
A54: =IF('Base Encuesta'!C28="","",'Base Encuesta'!C28) -> 31015 | B54: =IF('Base Encuesta'!D28="","",'Base Encuesta'!D28) -> Escuela Interdisciplinaria de Altos Estudios Sociales | C54: =IF('Base Encuesta'!E28="","",'Base Encuesta'!E28) -> MA-GN00209 | D54: =IF('Base Encuesta'!F28="","",'Base Encuesta'!F28) -> Laboratorio de Datos: webscraping y procesamiento de lenguaje natural | E54: =IF('Base Encuesta'!G28="","",'Base Encuesta'!G28) -> 82009 | F54: =IF('Base Encuesta'!H28="","",'Base Encuesta'!H28) -> Laboratorio de Datos tn Rosati | G54: =IF('Base Encuesta'!I28="","",'Base Encuesta'!I28) -> ROSATI GERMAN FEDERICO (6114) | H54: =IF('Base Encuesta'!J28="","",'Base Encuesta'!J28) -> Licenciatura en Sociología | I54: =IF('Base Encuesta'!K28="","",'Base Encuesta'!K28) -> 1-Finalicé la cursada (hayas aprobado o no) | J54: =IF(OR('Base Encuesta'!P28="",IFERROR(VALUE(LEFT('Base Encuesta'!K28,1)),"")>=3),"",PROPER(TRIM('Base Encuesta'!P28))) -> German Rosati | K54: =IF(OR('Base Encuesta'!Q28="",IFERROR(VALUE(LEFT('Base Encuesta'!K28,1)),"")>=3),"",'Base Encuesta'!Q28) -> Muy buen docente. Muy comprometido con la educación | L54: =IF(OR('Base Encuesta'!R28="",IFERROR(VALUE(LEFT('Base Encuesta'!K28,1)),"")>=3),"",VALUE(LEFT('Base Encuesta'!R28,1))) -> 5 | M54: =IF(OR('Base Encuesta'!S28="",IFERROR(VALUE(LEFT('Base Encuesta'!K28,1)),"")>=3),"",VALUE(LEFT('Base Encuesta'!S28,1))) -> 5 | N54: =IF(OR('Base Encuesta'!T28="",IFERROR(VALUE(LEFT('Base Encuesta'!K28,1)),"")>=3),"",VALUE(LEFT('Base Encuesta'!T28,1))) -> 5 | O54: =IF(OR('Base Encuesta'!V28="",IFERROR(VALUE(LEFT('Base Encuesta'!K28,1)),"")>=3),"",VALUE(LEFT('Base Encuesta'!V28,1))) -> 5 | P54: =IF(OR('Base Encuesta'!W28="",IFERROR(VALUE(LEFT('Base Encuesta'!K28,1)),"")>=3),"",VALUE(LEFT('Base Encuesta'!W28,1))) -> 5 | Q54: =IF(OR('Base Encuesta'!X28="",IFERROR(VALUE(LEFT('Base Encuesta'!K28,1)),"")>=3),"",VALUE(LEFT('Base Encuesta'!X28,1))) -> 5 | R54: =IF(OR('Base Encuesta'!Y28="",IFERROR(VALUE(LEFT('Base Encuesta'!K28,1)),"")>=3),"",VALUE(LEFT('Base Encuesta'!Y28,1))) -> 5 | S54: =IF(OR('Base Encuesta'!Z28="",IFERROR(VALUE(LEFT('Base Encuesta'!K28,1)),"")>=3),"",VALUE(LEFT('Base Encuesta'!Z28,1))) -> 5 | T54: =IF(OR('Base Encuesta'!AA28="",IFERROR(VALUE(LEFT('Base Encuesta'!K28,1)),"")>=3),"",VALUE(LEFT('Base Encuesta'!AA28,1))) -> 5 | U54: =IF(OR('Base Encuesta'!AB28="",IFERROR(VALUE(LEFT('Base Encuesta'!K28,1)),"")>=3),"",VALUE(LEFT('Base Encuesta'!AB28,1))) -> 5 | V54: =IF(OR('Base Encuesta'!AC28="",IFERROR(VALUE(LEFT('Base Encuesta'!K28,1)),"")>=3),"",VALUE(LEFT('Base Encuesta'!AC28,1))) -> 5 | W54: =IF(OR('Base Encuesta'!AE28="",IFERROR(VALUE(LEFT('Base Encuesta'!K28,1)),"")>=3),"",VALUE(LEFT('Base Encuesta'!AE28,1))) -> 1 | X54: =IF(OR('Base Encuesta'!AF28="",IFERROR(VALUE(LEFT('Base Encuesta'!K28,1)),"")>=3),"",IF(W54=1,VALUE(LEFT('Base Encuesta'!AF28,1)),"")) -> 5 | Y54: =IF(OR('Base Encuesta'!AG28="",IFERROR(VALUE(LEFT('Base Encuesta'!K28,1)),"")>=3),"",IF(W54=1,VALUE(LEFT('Base Encuesta'!AG28,1)),"")) -> 5 | Z54: =IF(OR('Base Encuesta'!AH28="",IFERROR(VALUE(LEFT('Base Encuesta'!K28,1)),"")>=3),"",IF(W54=1,VALUE(LEFT('Base Encuesta'!AH28,1)),"")) -> 5 | AA54: =IF(OR('Base Encuesta'!AI28="",IFERROR(VALUE(LEFT('Base Encuesta'!K28,1)),"")>=3),"",IF(W54=1,VALUE(LEFT('Base Encuesta'!AI28,1)),"")) -> 5 | AB54: =IF(OR('Base Encuesta'!AJ28="",IFERROR(VALUE(LEFT('Base Encuesta'!K28,1)),"")>=3),"",IF(W54=1,VALUE(LEFT('Base Encuesta'!AJ28,1)),"")) -> 5 | AC54: =IF(OR('Base Encuesta'!AL28="",IFERROR(VALUE(LEFT('Base Encuesta'!K28,1)),"")>=3),"",VALUE(LEFT('Base Encuesta'!AL28,1))) -> 5 | AD54: =IF(OR('Base Encuesta'!AM28="",IFERROR(VALUE(LEFT('Base Encuesta'!K28,1)),"")>=3),"",VALUE(LEFT('Base Encuesta'!AM28,1))) -> 5 | AE54: =IF(OR('Base Encuesta'!AN28="",IFERROR(VALUE(LEFT('Base Encuesta'!K28,1)),"")>=3),"",VALUE(LEFT('Base Encuesta'!AN28,1))) -> 5 | AF54: =IF(OR('Base Encuesta'!AO28="",IFERROR(VALUE(LEFT('Base Encuesta'!K28,1)),"")>=3),"",VALUE(LEFT('Base Encuesta'!AO28,1))) -> 5 | AG54: =IF(OR('Base Encuesta'!AQ28="",IFERROR(VALUE(LEFT('Base Encuesta'!K28,1)),"")>=3),"",VALUE(LEFT('Base Encuesta'!AQ28,1))) -> 5 | AH54: =IF(OR('Base Encuesta'!AR28="",IFERROR(VALUE(LEFT('Base Encuesta'!K28,1)),"")>=3),"",VALUE(LEFT('Base Encuesta'!AR28,1))) -> 5
A55: =IF('Base Encuesta'!C29="","",'Base Encuesta'!C29) -> 31016 | B55: =IF('Base Encuesta'!D29="","",'Base Encuesta'!D29) -> Escuela Interdisciplinaria de Altos Estudios Sociales | C55: =IF('Base Encuesta'!E29="","",'Base Encuesta'!E29) -> MA-GN00209 | D55: =IF('Base Encuesta'!F29="","",'Base Encuesta'!F29) -> Laboratorio de Datos: webscraping y procesamiento de lenguaje natural | E55: =IF('Base Encuesta'!G29="","",'Base Encuesta'!G29) -> 82009 | F55: =IF('Base Encuesta'!H29="","",'Base Encuesta'!H29) -> Laboratorio de Datos tn Rosati | G55: =IF('Base Encuesta'!I29="","",'Base Encuesta'!I29) -> ROSATI GERMAN FEDERICO (6114) | H55: =IF('Base Encuesta'!J29="","",'Base Encuesta'!J29) -> Licenciatura en Antropología Social y Cultural | I55: =IF('Base Encuesta'!K29="","",'Base Encuesta'!K29) -> 1-Finalicé la cursada (hayas aprobado o no) | J55: =IF(OR('Base Encuesta'!P29="",IFERROR(VALUE(LEFT('Base Encuesta'!K29,1)),"")>=3),"",PROPER(TRIM('Base Encuesta'!P29))) -> Germán Rosati | K55: =IF(OR('Base Encuesta'!Q29="",IFERROR(VALUE(LEFT('Base Encuesta'!K29,1)),"")>=3),"",'Base Encuesta'!Q29) -> Excelente | L55: =IF(OR('Base Encuesta'!R29="",IFERROR(VALUE(LEFT('Base Encuesta'!K29,1)),"")>=3),"",VALUE(LEFT('Base Encuesta'!R29,1))) -> 5 | M55: =IF(OR('Base Encuesta'!S29="",IFERROR(VALUE(LEFT('Base Encuesta'!K29,1)),"")>=3),"",VALUE(LEFT('Base Encuesta'!S29,1))) -> 5 | N55: =IF(OR('Base Encuesta'!T29="",IFERROR(VALUE(LEFT('Base Encuesta'!K29,1)),"")>=3),"",VALUE(LEFT('Base Encuesta'!T29,1))) -> 5 | O55: =IF(OR('Base Encuesta'!V29="",IFERROR(VALUE(LEFT('Base Encuesta'!K29,1)),"")>=3),"",VALUE(LEFT('Base Encuesta'!V29,1))) -> 1 | P55: =IF(OR('Base Encuesta'!W29="",IFERROR(VALUE(LEFT('Base Encuesta'!K29,1)),"")>=3),"",VALUE(LEFT('Base Encuesta'!W29,1))) -> 5 | Q55: =IF(OR('Base Encuesta'!X29="",IFERROR(VALUE(LEFT('Base Encuesta'!K29,1)),"")>=3),"",VALUE(LEFT('Base Encuesta'!X29,1))) -> 5 | R55: =IF(OR('Base Encuesta'!Y29="",IFERROR(VALUE(LEFT('Base Encuesta'!K29,1)),"")>=3),"",VALUE(LEFT('Base Encuesta'!Y29,1))) -> 5 | S55: =IF(OR('Base Encuesta'!Z29="",IFERROR(VALUE(LEFT('Base Encuesta'!K29,1)),"")>=3),"",VALUE(LEFT('Base Encuesta'!Z29,1))) -> 5 | T55: =IF(OR('Base Encuesta'!AA29="",IFERROR(VALUE(LEFT('Base Encuesta'!K29,1)),"")>=3),"",VALUE(LEFT('Base Encuesta'!AA29,1))) -> 5 | U55: =IF(OR('Base Encuesta'!AB29="",IFERROR(VALUE(LEFT('Base Encuesta'!K29,1)),"")>=3),"",VALUE(LEFT('Base Encuesta'!AB29,1))) -> 5 | V55: =IF(OR('Base Encuesta'!AC29="",IFERROR(VALUE(LEFT('Base Encuesta'!K29,1)),"")>=3),"",VALUE(LEFT('Base Encuesta'!AC29,1))) -> 5 | W55: =IF(OR('Base Encuesta'!AE29="",IFERROR(VALUE(LEFT('Base Encuesta'!K29,1)),"")>=3),"",VALUE(LEFT('Base Encuesta'!AE29,1))) -> 1 | X55: =IF(OR('Base Encuesta'!AF29="",IFERROR(VALUE(LEFT('Base Encuesta'!K29,1)),"")>=3),"",IF(W55=1,VALUE(LEFT('Base Encuesta'!AF29,1)),"")) -> 5 | Y55: =IF(OR('Base Encuesta'!AG29="",IFERROR(VALUE(LEFT('Base Encuesta'!K29,1)),"")>=3),"",IF(W55=1,VALUE(LEFT('Base Encuesta'!AG29,1)),"")) -> 5 | Z55: =IF(OR('Base Encuesta'!AH29="",IFERROR(VALUE(LEFT('Base Encuesta'!K29,1)),"")>=3),"",IF(W55=1,VALUE(LEFT('Base Encuesta'!AH29,1)),"")) -> 5 | AA55: =IF(OR('Base Encuesta'!AI29="",IFERROR(VALUE(LEFT('Base Encuesta'!K29,1)),"")>=3),"",IF(W55=1,VALUE(LEFT('Base Encuesta'!AI29,1)),"")) -> 5 | AB55: =IF(OR('Base Encuesta'!AJ29="",IFERROR(VALUE(LEFT('Base Encuesta'!K29,1)),"")>=3),"",IF(W55=1,VALUE(LEFT('Base Encuesta'!AJ29,1)),"")) -> 5 | AC55: =IF(OR('Base Encuesta'!AL29="",IFERROR(VALUE(LEFT('Base Encuesta'!K29,1)),"")>=3),"",VALUE(LEFT('Base Encuesta'!AL29,1))) -> 5 | AD55: =IF(OR('Base Encuesta'!AM29="",IFERROR(VALUE(LEFT('Base Encuesta'!K29,1)),"")>=3),"",VALUE(LEFT('Base Encuesta'!AM29,1))) -> 5 | AE55: =IF(OR('Base Encuesta'!AN29="",IFERROR(VALUE(LEFT('Base Encuesta'!K29,1)),"")>=3),"",VALUE(LEFT('Base Encuesta'!AN29,1))) -> 5 | AF55: =IF(OR('Base Encuesta'!AO29="",IFERROR(VALUE(LEFT('Base Encuesta'!K29,1)),"")>=3),"",VALUE(LEFT('Base Encuesta'!AO29,1))) -> 5 | AG55: =IF(OR('Base Encuesta'!AQ29="",IFERROR(VALUE(LEFT('Base Encuesta'!K29,1)),"")>=3),"",VALUE(LEFT('Base Encuesta'!AQ29,1))) -> 5 | AH55: =IF(OR('Base Encuesta'!AR29="",IFERROR(VALUE(LEFT('Base Encuesta'!K29,1)),"")>=3),"",VALUE(LEFT('Base Encuesta'!AR29,1))) -> 5
A56: =IF('Base Encuesta'!C30="","",'Base Encuesta'!C30) | B56: =IF('Base Encuesta'!D30="","",'Base Encuesta'!D30) | C56: =IF('Base Encuesta'!E30="","",'Base Encuesta'!E30) | D56: =IF('Base Encuesta'!F30="","",'Base Encuesta'!F30) | E56: =IF('Base Encuesta'!G30="","",'Base Encuesta'!G30) | F56: =IF('Base Encuesta'!H30="","",'Base Encuesta'!H30) | G56: =IF('Base Encuesta'!I30="","",'Base Encuesta'!I30) | H56: =IF('Base Encuesta'!J30="","",'Base Encuesta'!J30) | I56: =IF('Base Encuesta'!K30="","",'Base Encuesta'!K30) | J56: =IF(OR('Base Encuesta'!P30="",IFERROR(VALUE(LEFT('Base Encuesta'!K30,1)),"")>=3),"",PROPER(TRIM('Base Encuesta'!P30))) | K56: =IF(OR('Base Encuesta'!Q30="",IFERROR(VALUE(LEFT('Base Encuesta'!K30,1)),"")>=3),"",'Base Encuesta'!Q30) | L56: =IF(OR('Base Encuesta'!R30="",IFERROR(VALUE(LEFT('Base Encuesta'!K30,1)),"")>=3),"",VALUE(LEFT('Base Encuesta'!R30,1))) | M56: =IF(OR('Base Encuesta'!S30="",IFERROR(VALUE(LEFT('Base Encuesta'!K30,1)),"")>=3),"",VALUE(LEFT('Base Encuesta'!S30,1))) | N56: =IF(OR('Base Encuesta'!T30="",IFERROR(VALUE(LEFT('Base Encuesta'!K30,1)),"")>=3),"",VALUE(LEFT('Base Encuesta'!T30,1))) | O56: =IF(OR('Base Encuesta'!V30="",IFERROR(VALUE(LEFT('Base Encuesta'!K30,1)),"")>=3),"",VALUE(LEFT('Base Encuesta'!V30,1))) | P56: =IF(OR('Base Encuesta'!W30="",IFERROR(VALUE(LEFT('Base Encuesta'!K30,1)),"")>=3),"",VALUE(LEFT('Base Encuesta'!W30,1))) | Q56: =IF(OR('Base Encuesta'!X30="",IFERROR(VALUE(LEFT('Base Encuesta'!K30,1)),"")>=3),"",VALUE(LEFT('Base Encuesta'!X30,1))) | R56: =IF(OR('Base Encuesta'!Y30="",IFERROR(VALUE(LEFT('Base Encuesta'!K30,1)),"")>=3),"",VALUE(LEFT('Base Encuesta'!Y30,1))) | S56: =IF(OR('Base Encuesta'!Z30="",IFERROR(VALUE(LEFT('Base Encuesta'!K30,1)),"")>=3),"",VALUE(LEFT('Base Encuesta'!Z30,1))) | T56: =IF(OR('Base Encuesta'!AA30="",IFERROR(VALUE(LEFT('Base Encuesta'!K30,1)),"")>=3),"",VALUE(LEFT('Base Encuesta'!AA30,1))) | U56: =IF(OR('Base Encuesta'!AB30="",IFERROR(VALUE(LEFT('Base Encuesta'!K30,1)),"")>=3),"",VALUE(LEFT('Base Encuesta'!AB30,1))) | V56: =IF(OR('Base Encuesta'!AC30="",IFERROR(VALUE(LEFT('Base Encuesta'!K30,1)),"")>=3),"",VALUE(LEFT('Base Encuesta'!AC30,1))) | W56: =IF(OR('Base Encuesta'!AE30="",IFERROR(VALUE(LEFT('Base Encuesta'!K30,1)),"")>=3),"",VALUE(LEFT('Base Encuesta'!AE30,1))) | X56: =IF(OR('Base Encuesta'!AF30="",IFERROR(VALUE(LEFT('Base Encuesta'!K30,1)),"")>=3),"",IF(W56=1,VALUE(LEFT('Base Encuesta'!AF30,1)),"")) | Y56: =IF(OR('Base Encuesta'!AG30="",IFERROR(VALUE(LEFT('Base Encuesta'!K30,1)),"")>=3),"",IF(W56=1,VALUE(LEFT('Base Encuesta'!AG30,1)),"")) | Z56: =IF(OR('Base Encuesta'!AH30="",IFERROR(VALUE(LEFT('Base Encuesta'!K30,1)),"")>=3),"",IF(W56=1,VALUE(LEFT('Base Encuesta'!AH30,1)),"")) | AA56: =IF(OR('Base Encuesta'!AI30="",IFERROR(VALUE(LEFT('Base Encuesta'!K30,1)),"")>=3),"",IF(W56=1,VALUE(LEFT('Base Encuesta'!AI30,1)),"")) | AB56: =IF(OR('Base Encuesta'!AJ30="",IFERROR(VALUE(LEFT('Base Encuesta'!K30,1)),"")>=3),"",IF(W56=1,VALUE(LEFT('Base Encuesta'!AJ30,1)),"")) | AC56: =IF(OR('Base Encuesta'!AL30="",IFERROR(VALUE(LEFT('Base Encuesta'!K30,1)),"")>=3),"",VALUE(LEFT('Base Encuesta'!AL30,1))) | AD56: =IF(OR('Base Encuesta'!AM30="",IFERROR(VALUE(LEFT('Base Encuesta'!K30,1)),"")>=3),"",VALUE(LEFT('Base Encuesta'!AM30,1))) | AE56: =IF(OR('Base Encuesta'!AN30="",IFERROR(VALUE(LEFT('Base Encuesta'!K30,1)),"")>=3),"",VALUE(LEFT('Base Encuesta'!AN30,1))) | AF56: =IF(OR('Base Encuesta'!AO30="",IFERROR(VALUE(LEFT('Base Encuesta'!K30,1)),"")>=3),"",VALUE(LEFT('Base Encuesta'!AO30,1))) | AG56: =IF(OR('Base Encuesta'!AQ30="",IFERROR(VALUE(LEFT('Base Encuesta'!K30,1)),"")>=3),"",VALUE(LEFT('Base Encuesta'!AQ30,1))) | AH56: =IF(OR('Base Encuesta'!AR30="",IFERROR(VALUE(LEFT('Base Encuesta'!K30,1)),"")>=3),"",VALUE(LEFT('Base Encuesta'!AR30,1)))
A57: =IF('Base Encuesta'!C31="","",'Base Encuesta'!C31) | B57: =IF('Base Encuesta'!D31="","",'Base Encuesta'!D31) | C57: =IF('Base Encuesta'!E31="","",'Base Encuesta'!E31) | D57: =IF('Base Encuesta'!F31="","",'Base Encuesta'!F31) | E57: =IF('Base Encuesta'!G31="","",'Base Encuesta'!G31) | F57: =IF('Base Encuesta'!H31="","",'Base Encuesta'!H31) | G57: =IF('Base Encuesta'!I31="","",'Base Encuesta'!I31) | H57: =IF('Base Encuesta'!J31="","",'Base Encuesta'!J31) | I57: =IF('Base Encuesta'!K31="","",'Base Encuesta'!K31) | J57: =IF(OR('Base Encuesta'!P31="",IFERROR(VALUE(LEFT('Base Encuesta'!K31,1)),"")>=3),"",PROPER(TRIM('Base Encuesta'!P31))) | K57: =IF(OR('Base Encuesta'!Q31="",IFERROR(VALUE(LEFT('Base Encuesta'!K31,1)),"")>=3),"",'Base Encuesta'!Q31) | L57: =IF(OR('Base Encuesta'!R31="",IFERROR(VALUE(LEFT('Base Encuesta'!K31,1)),"")>=3),"",VALUE(LEFT('Base Encuesta'!R31,1))) | M57: =IF(OR('Base Encuesta'!S31="",IFERROR(VALUE(LEFT('Base Encuesta'!K31,1)),"")>=3),"",VALUE(LEFT('Base Encuesta'!S31,1))) | N57: =IF(OR('Base Encuesta'!T31="",IFERROR(VALUE(LEFT('Base Encuesta'!K31,1)),"")>=3),"",VALUE(LEFT('Base Encuesta'!T31,1))) | O57: =IF(OR('Base Encuesta'!V31="",IFERROR(VALUE(LEFT('Base Encuesta'!K31,1)),"")>=3),"",VALUE(LEFT('Base Encuesta'!V31,1))) | P57: =IF(OR('Base Encuesta'!W31="",IFERROR(VALUE(LEFT('Base Encuesta'!K31,1)),"")>=3),"",VALUE(LEFT('Base Encuesta'!W31,1))) | Q57: =IF(OR('Base Encuesta'!X31="",IFERROR(VALUE(LEFT('Base Encuesta'!K31,1)),"")>=3),"",VALUE(LEFT('Base Encuesta'!X31,1))) | R57: =IF(OR('Base Encuesta'!Y31="",IFERROR(VALUE(LEFT('Base Encuesta'!K31,1)),"")>=3),"",VALUE(LEFT('Base Encuesta'!Y31,1))) | S57: =IF(OR('Base Encuesta'!Z31="",IFERROR(VALUE(LEFT('Base Encuesta'!K31,1)),"")>=3),"",VALUE(LEFT('Base Encuesta'!Z31,1))) | T57: =IF(OR('Base Encuesta'!AA31="",IFERROR(VALUE(LEFT('Base Encuesta'!K31,1)),"")>=3),"",VALUE(LEFT('Base Encuesta'!AA31,1))) | U57: =IF(OR('Base Encuesta'!AB31="",IFERROR(VALUE(LEFT('Base Encuesta'!K31,1)),"")>=3),"",VALUE(LEFT('Base Encuesta'!AB31,1))) | V57: =IF(OR('Base Encuesta'!AC31="",IFERROR(VALUE(LEFT('Base Encuesta'!K31,1)),"")>=3),"",VALUE(LEFT('Base Encuesta'!AC31,1))) | W57: =IF(OR('Base Encuesta'!AE31="",IFERROR(VALUE(LEFT('Base Encuesta'!K31,1)),"")>=3),"",VALUE(LEFT('Base Encuesta'!AE31,1))) | X57: =IF(OR('Base Encuesta'!AF31="",IFERROR(VALUE(LEFT('Base Encuesta'!K31,1)),"")>=3),"",IF(W57=1,VALUE(LEFT('Base Encuesta'!AF31,1)),"")) | Y57: =IF(OR('Base Encuesta'!AG31="",IFERROR(VALUE(LEFT('Base Encuesta'!K31,1)),"")>=3),"",IF(W57=1,VALUE(LEFT('Base Encuesta'!AG31,1)),"")) | Z57: =IF(OR('Base Encuesta'!AH31="",IFERROR(VALUE(LEFT('Base Encuesta'!K31,1)),"")>=3),"",IF(W57=1,VALUE(LEFT('Base Encuesta'!AH31,1)),"")) | AA57: =IF(OR('Base Encuesta'!AI31="",IFERROR(VALUE(LEFT('Base Encuesta'!K31,1)),"")>=3),"",IF(W57=1,VALUE(LEFT('Base Encuesta'!AI31,1)),"")) | AB57: =IF(OR('Base Encuesta'!AJ31="",IFERROR(VALUE(LEFT('Base Encuesta'!K31,1)),"")>=3),"",IF(W57=1,VALUE(LEFT('Base Encuesta'!AJ31,1)),"")) | AC57: =IF(OR('Base Encuesta'!AL31="",IFERROR(VALUE(LEFT('Base Encuesta'!K31,1)),"")>=3),"",VALUE(LEFT('Base Encuesta'!AL31,1))) | AD57: =IF(OR('Base Encuesta'!AM31="",IFERROR(VALUE(LEFT('Base Encuesta'!K31,1)),"")>=3),"",VALUE(LEFT('Base Encuesta'!AM31,1))) | AE57: =IF(OR('Base Encuesta'!AN31="",IFERROR(VALUE(LEFT('Base Encuesta'!K31,1)),"")>=3),"",VALUE(LEFT('Base Encuesta'!AN31,1))) | AF57: =IF(OR('Base Encuesta'!AO31="",IFERROR(VALUE(LEFT('Base Encuesta'!K31,1)),"")>=3),"",VALUE(LEFT('Base Encuesta'!AO31,1))) | AG57: =IF(OR('Base Encuesta'!AQ31="",IFERROR(VALUE(LEFT('Base Encuesta'!K31,1)),"")>=3),"",VALUE(LEFT('Base Encuesta'!AQ31,1))) | AH57: =IF(OR('Base Encuesta'!AR31="",IFERROR(VALUE(LEFT('Base Encuesta'!K31,1)),"")>=3),"",VALUE(LEFT('Base Encuesta'!AR31,1)))
A58: =IF('Base Encuesta'!C32="","",'Base Encuesta'!C32) | B58: =IF('Base Encuesta'!D32="","",'Base Encuesta'!D32) | C58: =IF('Base Encuesta'!E32="","",'Base Encuesta'!E32) | D58: =IF('Base Encuesta'!F32="","",'Base Encuesta'!F32) | E58: =IF('Base Encuesta'!G32="","",'Base Encuesta'!G32) | F58: =IF('Base Encuesta'!H32="","",'Base Encuesta'!H32) | G58: =IF('Base Encuesta'!I32="","",'Base Encuesta'!I32) | H58: =IF('Base Encuesta'!J32="","",'Base Encuesta'!J32) | I58: =IF('Base Encuesta'!K32="","",'Base Encuesta'!K32) | J58: =IF(OR('Base Encuesta'!P32="",IFERROR(VALUE(LEFT('Base Encuesta'!K32,1)),"")>=3),"",PROPER(TRIM('Base Encuesta'!P32))) | K58: =IF(OR('Base Encuesta'!Q32="",IFERROR(VALUE(LEFT('Base Encuesta'!K32,1)),"")>=3),"",'Base Encuesta'!Q32) | L58: =IF(OR('Base Encuesta'!R32="",IFERROR(VALUE(LEFT('Base Encuesta'!K32,1)),"")>=3),"",VALUE(LEFT('Base Encuesta'!R32,1))) | M58: =IF(OR('Base Encuesta'!S32="",IFERROR(VALUE(LEFT('Base Encuesta'!K32,1)),"")>=3),"",VALUE(LEFT('Base Encuesta'!S32,1))) | N58: =IF(OR('Base Encuesta'!T32="",IFERROR(VALUE(LEFT('Base Encuesta'!K32,1)),"")>=3),"",VALUE(LEFT('Base Encuesta'!T32,1))) | O58: =IF(OR('Base Encuesta'!V32="",IFERROR(VALUE(LEFT('Base Encuesta'!K32,1)),"")>=3),"",VALUE(LEFT('Base Encuesta'!V32,1))) | P58: =IF(OR('Base Encuesta'!W32="",IFERROR(VALUE(LEFT('Base Encuesta'!K32,1)),"")>=3),"",VALUE(LEFT('Base Encuesta'!W32,1))) | Q58: =IF(OR('Base Encuesta'!X32="",IFERROR(VALUE(LEFT('Base Encuesta'!K32,1)),"")>=3),"",VALUE(LEFT('Base Encuesta'!X32,1))) | R58: =IF(OR('Base Encuesta'!Y32="",IFERROR(VALUE(LEFT('Base Encuesta'!K32,1)),"")>=3),"",VALUE(LEFT('Base Encuesta'!Y32,1))) | S58: =IF(OR('Base Encuesta'!Z32="",IFERROR(VALUE(LEFT('Base Encuesta'!K32,1)),"")>=3),"",VALUE(LEFT('Base Encuesta'!Z32,1))) | T58: =IF(OR('Base Encuesta'!AA32="",IFERROR(VALUE(LEFT('Base Encuesta'!K32,1)),"")>=3),"",VALUE(LEFT('Base Encuesta'!AA32,1))) | U58: =IF(OR('Base Encuesta'!AB32="",IFERROR(VALUE(LEFT('Base Encuesta'!K32,1)),"")>=3),"",VALUE(LEFT('Base Encuesta'!AB32,1))) | V58: =IF(OR('Base Encuesta'!AC32="",IFERROR(VALUE(LEFT('Base Encuesta'!K32,1)),"")>=3),"",VALUE(LEFT('Base Encuesta'!AC32,1))) | W58: =IF(OR('Base Encuesta'!AE32="",IFERROR(VALUE(LEFT('Base Encuesta'!K32,1)),"")>=3),"",VALUE(LEFT('Base Encuesta'!AE32,1))) | X58: =IF(OR('Base Encuesta'!AF32="",IFERROR(VALUE(LEFT('Base Encuesta'!K32,1)),"")>=3),"",IF(W58=1,VALUE(LEFT('Base Encuesta'!AF32,1)),"")) | Y58: =IF(OR('Base Encuesta'!AG32="",IFERROR(VALUE(LEFT('Base Encuesta'!K32,1)),"")>=3),"",IF(W58=1,VALUE(LEFT('Base Encuesta'!AG32,1)),"")) | Z58: =IF(OR('Base Encuesta'!AH32="",IFERROR(VALUE(LEFT('Base Encuesta'!K32,1)),"")>=3),"",IF(W58=1,VALUE(LEFT('Base Encuesta'!AH32,1)),"")) | AA58: =IF(OR('Base Encuesta'!AI32="",IFERROR(VALUE(LEFT('Base Encuesta'!K32,1)),"")>=3),"",IF(W58=1,VALUE(LEFT('Base Encuesta'!AI32,1)),"")) | AB58: =IF(OR('Base Encuesta'!AJ32="",IFERROR(VALUE(LEFT('Base Encuesta'!K32,1)),"")>=3),"",IF(W58=1,VALUE(LEFT('Base Encuesta'!AJ32,1)),"")) | AC58: =IF(OR('Base Encuesta'!AL32="",IFERROR(VALUE(LEFT('Base Encuesta'!K32,1)),"")>=3),"",VALUE(LEFT('Base Encuesta'!AL32,1))) | AD58: =IF(OR('Base Encuesta'!AM32="",IFERROR(VALUE(LEFT('Base Encuesta'!K32,1)),"")>=3),"",VALUE(LEFT('Base Encuesta'!AM32,1))) | AE58: =IF(OR('Base Encuesta'!AN32="",IFERROR(VALUE(LEFT('Base Encuesta'!K32,1)),"")>=3),"",VALUE(LEFT('Base Encuesta'!AN32,1))) | AF58: =IF(OR('Base Encuesta'!AO32="",IFERROR(VALUE(LEFT('Base Encuesta'!K32,1)),"")>=3),"",VALUE(LEFT('Base Encuesta'!AO32,1))) | AG58: =IF(OR('Base Encuesta'!AQ32="",IFERROR(VALUE(LEFT('Base Encuesta'!K32,1)),"")>=3),"",VALUE(LEFT('Base Encuesta'!AQ32,1))) | AH58: =IF(OR('Base Encuesta'!AR32="",IFERROR(VALUE(LEFT('Base Encuesta'!K32,1)),"")>=3),"",VALUE(LEFT('Base Encuesta'!AR32,1)))
... A500: =IF('Base Encuesta'!C474="","",'Base Encuesta'!C474) | B500: =IF('Base Encuesta'!D474="","",'Base Encuesta'!D474) | C500: =IF('Base Encuesta'!E474="","",'Base Encuesta'!E474) | D500: =IF('Base Encuesta'!F474="","",'Base Encuesta'!F474) | E500: =IF('Base Encuesta'!G474="","",'Base Encuesta'!G474) | F500: =IF('Base Encuesta'!H474="","",'Base Encuesta'!H474) | G500: =IF('Base Encuesta'!I474="","",'Base Encuesta'!I474) | H500: =IF('Base Encuesta'!J474="","",'Base Encuesta'!J474) | I500: =IF('Base Encuesta'!K474="","",'Base Encuesta'!K474) | J500: =IF(OR('Base Encuesta'!P474="",IFERROR(VALUE(LEFT('Base Encuesta'!K474,1)),"")>=3),"",PROPER(TRIM('Base Encuesta'!P474))) | K500: =IF(OR('Base Encuesta'!Q474="",IFERROR(VALUE(LEFT('Base Encuesta'!K474,1)),"")>=3),"",'Base Encuesta'!Q474) | L500: =IF(OR('Base Encuesta'!R474="",IFERROR(VALUE(LEFT('Base Encuesta'!K474,1)),"")>=3),"",VALUE(LEFT('Base Encuesta'!R474,1))) | M500: =IF(OR('Base Encuesta'!S474="",IFERROR(VALUE(LEFT('Base Encuesta'!K474,1)),"")>=3),"",VALUE(LEFT('Base Encuesta'!S474,1))) | N500: =IF(OR('Base Encuesta'!T474="",IFERROR(VALUE(LEFT('Base Encuesta'!K474,1)),"")>=3),"",VALUE(LEFT('Base Encuesta'!T474,1))) | O500: =IF(OR('Base Encuesta'!V474="",IFERROR(VALUE(LEFT('Base Encuesta'!K474,1)),"")>=3),"",VALUE(LEFT('Base Encuesta'!V474,1))) | P500: =IF(OR('Base Encuesta'!W474="",IFERROR(VALUE(LEFT('Base Encuesta'!K474,1)),"")>=3),"",VALUE(LEFT('Base Encuesta'!W474,1))) | Q500: =IF(OR('Base Encuesta'!X474="",IFERROR(VALUE(LEFT('Base Encuesta'!K474,1)),"")>=3),"",VALUE(LEFT('Base Encuesta'!X474,1))) | R500: =IF(OR('Base Encuesta'!Y474="",IFERROR(VALUE(LEFT('Base Encuesta'!K474,1)),"")>=3),"",VALUE(LEFT('Base Encuesta'!Y474,1))) | S500: =IF(OR('Base Encuesta'!Z474="",IFERROR(VALUE(LEFT('Base Encuesta'!K474,1)),"")>=3),"",VALUE(LEFT('Base Encuesta'!Z474,1))) | T500: =IF(OR('Base Encuesta'!AA474="",IFERROR(VALUE(LEFT('Base Encuesta'!K474,1)),"")>=3),"",VALUE(LEFT('Base Encuesta'!AA474,1))) | U500: =IF(OR('Base Encuesta'!AB474="",IFERROR(VALUE(LEFT('Base Encuesta'!K474,1)),"")>=3),"",VALUE(LEFT('Base Encuesta'!AB474,1))) | V500: =IF(OR('Base Encuesta'!AC474="",IFERROR(VALUE(LEFT('Base Encuesta'!K474,1)),"")>=3),"",VALUE(LEFT('Base Encuesta'!AC474,1))) | W500: =IF(OR('Base Encuesta'!AE474="",IFERROR(VALUE(LEFT('Base Encuesta'!K474,1)),"")>=3),"",VALUE(LEFT('Base Encuesta'!AE474,1))) | X500: =IF(OR('Base Encuesta'!AF474="",IFERROR(VALUE(LEFT('Base Encuesta'!K474,1)),"")>=3),"",IF(W500=1,VALUE(LEFT('Base Encuesta'!AF474,1)),"")) | Y500: =IF(OR('Base Encuesta'!AG474="",IFERROR(VALUE(LEFT('Base Encuesta'!K474,1)),"")>=3),"",IF(W500=1,VALUE(LEFT('Base Encuesta'!AG474,1)),"")) | Z500: =IF(OR('Base Encuesta'!AH474="",IFERROR(VALUE(LEFT('Base Encuesta'!K474,1)),"")>=3),"",IF(W500=1,VALUE(LEFT('Base Encuesta'!AH474,1)),"")) | AA500: =IF(OR('Base Encuesta'!AI474="",IFERROR(VALUE(LEFT('Base Encuesta'!K474,1)),"")>=3),"",IF(W500=1,VALUE(LEFT('Base Encuesta'!AI474,1)),"")) | AB500: =IF(OR('Base Encuesta'!AJ474="",IFERROR(VALUE(LEFT('Base Encuesta'!K474,1)),"")>=3),"",IF(W500=1,VALUE(LEFT('Base Encuesta'!AJ474,1)),"")) | AC500: =IF(OR('Base Encuesta'!AL474="",IFERROR(VALUE(LEFT('Base Encuesta'!K474,1)),"")>=3),"",VALUE(LEFT('Base Encuesta'!AL474,1))) | AD500: =IF(OR('Base Encuesta'!AM474="",IFERROR(VALUE(LEFT('Base Encuesta'!K474,1)),"")>=3),"",VALUE(LEFT('Base Encuesta'!AM474,1))) | AE500: =IF(OR('Base Encuesta'!AN474="",IFERROR(VALUE(LEFT('Base Encuesta'!K474,1)),"")>=3),"",VALUE(LEFT('Base Encuesta'!AN474,1))) | AF500: =IF(OR('Base Encuesta'!AO474="",IFERROR(VALUE(LEFT('Base Encuesta'!K474,1)),"")>=3),"",VALUE(LEFT('Base Encuesta'!AO474,1))) | AG500: =IF(OR('Base Encuesta'!AQ474="",IFERROR(VALUE(LEFT('Base Encuesta'!K474,1)),"")>=3),"",VALUE(LEFT('Base Encuesta'!AQ474,1))) | AH500: =IF(OR('Base Encuesta'!AR474="",IFERROR(VALUE(LEFT('Base Encuesta'!K474,1)),"")>=3),"",VALUE(LEFT('Base Encuesta'!AR474,1)))
I501: 1-Finalicé la cursada (hayas aprobado o no)
I502: 2-Abandoné con más del 50% cursado
I503: 3-Abandoné con menos del 50% cursado / No inicié la cursada
I504: 4-La materia no se dictó

Sheet _DinamicaProm
AF1: Rango Grafico | AG1: Valor | AH1: Rango
A2: Tu situación en relación a esta materia | B2: (Varios elementos) | AA2: Tu situación en relación a esta materia | AB2: (Varios elementos) | AF2: Evaluación | AG2: ='Síntesis de Resultados'!E35 -> - | AH2: 1
AF3: Ambiente y vínculo | AG3: ='Síntesis de Resultados'!H35 -> -
B4: Valores | AA4: Etiquetas de fila | AB4: Cuenta de ID Encuesta | AF4: Balance | AG4: ='Síntesis de Resultados'!K35 -> -
B5: 1.1 | C5: 1.2 | D5: 1.3 | E5: 1.4 | F5: 2.1 | G5: 2.2 | H5: 2.3 | I5: 3.1 | J5: 3.2 | K5: 3.3 | L5: 3.4 | M5: 4.1 | N5: 4.2 | O5: 4.3 | P5: 4.4 | Q5: 4.5 | R5: 5.1 | S5: 5.2 | T5: 5.3 | U5: 5.4 | V5: 6.1 | W5: 6.2 | AA5: (en blanco) | AF5: Clase y actividades | AG5: ='Síntesis de Resultados'!K27 -> -
A6: Total | AF6: Contenidos de la materia | AG6: ='Síntesis de Resultados'!H27 -> -
AF7: Planificación y organización de la materia | AG7: ='Síntesis de Resultados'!E27 -> - | AH7: 5
